"ISO3","Year","Region","country","LandArea","ArablePercent","Population","PopGrowth","RuralPopulation","UrbanPopulation","BirthRatePer1K","FertilityRate","PrimarySchoolAge","LifeExpectancy","AgeDepRatioOld","CO2Emissions","GDP","GDPPerCapita","GDPPerCapGrowth","Inflation","TotalTrade","Exports","Imports","FDIIn","AgriEmployment","MobileCellSubscriptions","NaturalResourceRents","GovtExpenditures","PublicHealthExpend","PoliticalStability","RuleOfLaw","ControlOfCorruption","IncomeLevel","RuralLevel","UrbanLevel","PopGrowthLevel","EconGrowthLevel","TradeLevel","AgricultureLevel"
"ABW",2019,"Latin America & Caribbean","Aruba",180,11.1111111111111,109203,0.270504632854835,37.711723713115,62.288276286885,10.842,1.701,6,76.019,20.6479874145601,4.66562273930203,3243368791.69297,29700.3634670565,0.955684591453277,4.25746204335427,137.923249273411,66.7030809219838,71.2201683514275,-2.2472039816062,NA,131.682169673877,0.00168011577104813,22.902519428814,NA,88.6972605,79.2192254,71.4395105,"High income","Low","High","Low","Low","High",NA
"AFG",2019,"Middle East & North Africa","Afghanistan",652230,11.9405731107125,37856121,2.98438913621969,74.8562741160197,25.1437258839803,37.138,5.238,7,62.941,4.47933729391896,0.319752781855278,21118473702.3471,557.861533207459,0.856294729087764,2.30237251516834,NA,NA,NA,0.124495985291258,43.8771686940085,59.6470805870469,0.682287828246046,NA,0.49705607,21.6637858,28.4439091,17.4649243,"Low income","High","Low","High","Low",NA,"High"
"AGO",2019,"Sub-Saharan Africa","Angola",1246700,4.28491216812385,32375632,3.38788422184303,33.3362176819467,66.6637823180533,39.539,5.442,6,63.051,5.18975971866823,0.833846270553112,100545753428.833,3105.59971242672,-4.35122089958229,17.080954143438,60.3713068739603,36.9500822651989,23.4212246087614,-5.04777218289971,53.423323354571,45.8065312825399,28.8978590593907,13.4813021731039,1.00303984,58.7080974,38.8595978,28.3258192,"Lower middle income","Low","High","High","Low","Low","High"
"ALB",2019,"Europe & Central Asia","Albania",27400,22.2627737226277,2567801,-1.54313709096794,43.2360928712745,56.7639071287255,10.757,1.395,6,79.467,20.9507530206723,1.94096037816015,13025007474.8895,5072.43648354739,3.64975808463876,1.41109078954242,75.382128932689,30.9361224858484,44.4460064468406,7.70621465029911,36.2351325540832,91.1634968336332,1.63497378546365,12.6759912713341,2.89433575,65.9691253,51.9490278,36.9548927,"Upper middle income","High","Low","Low","High","High","High"
"AND",2019,"Europe & Central Asia","Andorra",470,1.6831914893617,76474,1.73050296926809,11.4608206333755,88.5391793666245,6.993,1.045,6,84.098,19.0810488892097,NA,3008967037.09274,39346.275035865,0.265352820614368,NA,NA,NA,NA,13.3818111196322,NA,114.952794413788,0,NA,5.22278023,92.3515614,84.8051674,71.7090468,"High income","Low","High","High","Low",NA,NA
"ARE",2019,"Middle East & North Africa","United Arab Emirates",71020,0.702618980568854,9445785,1.0545163442516,14.9701736611805,85.0298263388195,10.094,1.247,6,82.596,1.86744698747682,20.945786930361,410593665764.859,43468.4534705013,0.208979855084152,-1.93108114782173,163.822149025614,93.3023068879995,70.5198421376147,4.11928554446951,2.58611467473211,209.033214126867,16.8958990035406,12.6068493727808,2.2531426,80.0644793,64.3010859,69.8741699,"High income","Low","High","High","Low","High","Low"
"ARG",2019,"Latin America & Caribbean","Argentina",2736690,14.9267911235836,44973465,0.710900853077743,8.14321554861981,91.8567844513802,13.902,1.882,6,76.847,18.0994378665041,4.07504069344001,571450737224.442,12706.3978108968,-2.69506723533574,53.5483043492339,32.6306150458499,17.9248783778462,14.7057366680037,1.48500687570697,7.61304714991947,125.302657911726,2.16668838721926,16.4432415862976,6.2193737,66.8707383,51.145331,46.1402602,"Upper middle income","Low","High","Low","Low","Low","Low"
"ARM",2019,"Europe & Central Asia","Armenia",28470,15.6234632946962,2962500,-0.219168932037313,34.9952966429572,65.0047033570428,12.2,1.6,6,76.2219512195122,17.8042980623195,2.16867510548523,12867495497.6469,4343.45839583019,7.83608438672164,1.44344660770698,97.847004865327,42.2626073502911,55.5843975150359,0.736345856475298,30.5863217690375,124.613701509519,2.20100166948291,12.5645600985114,1.41167367,67.0622606,52.6966642,46.7952054,"Upper middle income","Low","High","Low","High","High","High"
"ASM",2019,"East Asia & Pacific","American Samoa",200,4.75,50209,-1.38257886328442,16.9457828202726,83.0542171797274,16.304,2.404,6,72.751,9.55778800112665,0.00199167479933876,628818320.610687,12524.0160252283,0.897584681397618,NA,156.568778979907,61.6692426584235,94.8995363214838,NA,NA,NA,0,NA,NA,87.1971851,80.5861133,84.3407096,"High income","Low","High","Low","Low","High",NA
"ATG",2019,"Latin America & Caribbean","Antigua and Barbuda",440,9.09090909090909,91364,0.480553889847623,75.291662475955,24.708337524045,11.5,1.468,5,77.168,13.3198928868232,3.74983582154897,1692541753.29144,18525.2588907167,2.67761319425004,1.43135598182984,137.537783631991,69.1646948026456,68.3730888293456,7.75630247071163,NA,201.392233264743,0,NA,2.49952674,81.5566579,67.1106007,52.295138,"High income","High","Low","Low","High","High",NA
"AUS",2019,"East Asia & Pacific","Australia",7692020,3.97463865148557,25334826,1.47749071058438,12.6980352111594,87.3019647888406,12.1,1.657,5,82.9,24.383152985158,16.1007065925773,1499347932643.95,59181.2997904131,0.695209563773375,1.610770929127,46.0016827052171,24.0624800210722,21.939202684145,2.77077560426989,2.55829744516573,109.752830879788,5.74886126457436,20.2893843805062,7.53765869,80.3354191,85.091495,84.0151407,"High income","Low","High","High","Low","Low","Low"
"AUT",2019,"Europe & Central Asia","Austria",82520,16.0631362094038,8879920,0.444673639004876,31.6823955249478,68.3176044750522,9.6,1.46,6,81.8951219512195,28.4231538747662,7.74519365039325,413365268699.049,46550.5622459492,1.30350317565873,1.53089564152644,108.207284904426,55.8958073929339,52.3114775114917,-2.85255617561831,3.65613992670062,120.776373862218,0.110022913288221,19.7190068292236,7.88670015,79.3514625,88.1128925,80.3973652,"High income","Low","High","Low","Low","High","Low"
"AZE",2019,"Europe & Central Asia","Azerbaijan",82654,25.358724320662,10024283,0.846646726414021,41.8691808022221,58.1308191977779,14.1,1.81,6,73.29,9.49171613914909,3.68923143929596,53599371924.6281,5346.95318604114,1.61582943287135,2.61057182799215,85.8181454084561,49.0506275016423,36.7675179068137,3.12183056112494,35.9495205782749,106.328337689377,23.4349054129318,11.1234709302752,1.06925082,60.1325696,45.389645,32.5706735,"Upper middle income","High","Low","Low","Low","High","High"
"BDI",2019,"Sub-Saharan Africa","Burundi",25680,47.3520249221184,12255336,3.28367531420808,81.213821845813,18.786178154187,36.579,5.271,7,62.18,4.77851062610224,0.0624381085920451,3313977733.08389,270.411005710809,1.08494176938687,-0.686772170797359,NA,NA,NA,1.05451097508345,85.037534800998,53.2995504978403,13.1274376353104,24.4455203896315,2.27763605,37.380141,34.0729983,18.0867463,"Low income","High","Low","High","Low",NA,"High"
"BEL",2019,"Europe & Central Asia","Belgium",30494,28.113268183905,11488980,0.540461327098122,12.9038368810778,87.0961631189222,10.2,1.6,6,81.9951219512195,29.6972645744296,8.73127988733552,494099718080.569,43006.4042308863,1.89071932044187,1.43681956996438,165.46547893199,82.9674275396401,82.4980513923498,-1.97252997818915,1.08145129137307,100.164960666171,0.0422427798272169,22.9562562872188,8.08414745,72.3410456,81.9087179,78.1642118,"High income","Low","High","Low","High","High","Low"
"BEN",2019,"Sub-Saharan Africa","Benin",112760,31.3762185172047,12726755,2.73538842831436,51.2874499409752,48.7125500590248,36.036,4.9,6,59.888,5.60784930683602,0.639872457668903,14179807374.6843,1114.17304526443,3.98211326561793,0.732849371241066,63.68133231423,29.6305271935478,34.0508051206822,1.51620780888962,41.9865160039013,81.3235345537806,2.46799590195586,10.3420632400446,0.45625761,62.5126327,50.1605655,42.9989501,"Lower middle income","High","Low","High","High","Low","High"
"BFA",2019,"Sub-Saharan Africa","Burkina Faso",273600,27.5215540935673,20961952,2.52989803984158,73.8812745598843,26.1187254401157,34.325,4.681,6,60.184,4.83430113076264,0.271887847085997,15030172259.3791,717.021595096634,3.24391866186016,-3.23338933983322,60.4086928753226,29.2576956572794,31.1509972180432,1.0164787373679,51.5701324352258,97.1498646690919,8.32797318460633,20.4999424066528,2.23602796,45.469811,49.9337491,43.7888072,"Low income","High","Low","High","High","Low","High"
"BGD",2019,"South Asia","Bangladesh",130170,60.3595298455865,164913055,0.84641125179804,69.1771603656988,30.8228396343012,20.131,2.18,6,72.625,8.73026000966038,0.662908100271382,257958323968.613,1564.20802445636,6.97264399779152,5.59199639930629,31.5780544912404,13.0947573353039,18.4832971559365,0.543244141585063,40.84013231722,100.399571155843,0.637717563815013,6.2381894055709,0.36105901,48.8682227,40.7531366,25.5760817,"Lower middle income","High","Low","Low","High","Low","High"
"BGR",2019,"Europe & Central Asia","Bulgaria",108560,32.0191599115696,6616726,-1.41171852077109,26.2837677001953,73.7162322998047,9.3,1.79,7,75.1121951219512,33.4917780909335,6.74590424327681,57079683269.2842,8626.5750265742,5.26898074561532,3.10372944796771,125.260415075086,64.300587723502,60.9598273515844,3.24216894514095,6.78847141688132,116.616975862125,0.580269555247755,16.8038894133194,4.2107811,75.7815088,54.5451867,45.3187211,"High income","Low","High","Low","High","High","Low"
"BHR",2019,"Middle East & North Africa","Bahrain",780,2.69230769230769,1483756,-1.29469437720599,0,100,13.318,1.843,6,80.471,3.90723397914868,24.8338675631303,36906448210.9064,24873.6640060134,3.38274086937953,1.00582004702137,135.417543398211,73.0944239873751,62.3231194108364,2.32837980010521,0.963344658136244,129.142743677937,13.3637839937888,14.994212256707,2.20524931,55.5880047,57.0917701,46.1637586,"High income","Low","High","Low","High","High","Low"
"BHS",2019,"Latin America & Caribbean","Bahamas, The",10010,0.799200799200799,394675,0.497339072752345,18.1742536716796,81.8257463283204,11.195,1.397,5,71.408,15.6137157727,3.67517577753848,12281350586.0076,31117.6299132391,-1.33052999956263,2.49123527368046,68.7866234842208,34.9807938540333,33.8058296301875,3.63206527371394,0.911046438061496,107.811997212897,0.0121899442192584,12.6549672365745,2.87397003,77.7277659,63.4525432,72.3987063,"High income","Low","High","Low","Low","Low","Low"
"BIH",2019,"Europe & Central Asia","Bosnia and Herzegovina",51200,19.82421875,3345533,-1.23185506471358,50.5349559962242,49.4650440037758,8.561,1.509,6,77.394,29.4669521066141,6.75452909895075,18679105074.1119,5583.29721276458,4.16109545157208,0.56278215406123,94.516125154246,40.040069270151,54.476055884095,2.18661375097898,19.0404119903467,112.254788698841,0.800756928062343,19.3589709289337,6.13385725,60.6128666,50.2438808,34.9254825,"Upper middle income","High","Low","Low","High","High","High"
"BLR",2019,"Europe & Central Asia","Belarus",202965,28.1477101963393,9419758,-0.201786600970723,22.5449228147243,77.4550771852757,9.3,1.382,6,74.2268292682927,22.7212029935499,6.50202478662403,59040547731.7471,6267.73508743505,1.6513675093432,5.59815595039848,130.850406102184,65.0945839929757,65.7558221092078,1.976861708457,11.0571052693771,123.229810991965,1.66960534709783,16.8429795126774,4.12526941,73.1679864,43.2953313,48.1996906,"Upper middle income","Low","High","Low","Low","High","Low"
"BLZ",2019,"Latin America & Caribbean","Belize",22810,4.03331871985971,385829,1.46284533510266,57.0922377846677,42.9077622153323,19.335,2.142,5,72.577,6.60831235736012,1.03206342706225,2262557632.66642,5864.14611827109,2.74257530356437,0.187069385181424,102.441856907677,52.0189198848801,50.4229370227973,3.94384011758557,16.8604583830359,66.0704612665196,0.584709328866043,18.8183305235662,3.31428432,68.1731163,47.304396,46.3235149,"Upper middle income","High","Low","High","High","High","Low"
"BMU",2019,"North America","Bermuda",54,5.55555555555556,64107,0.431459657274573,0,100,8.375,1.383,5,81.251,27.1517178897484,4.71867346779603,6840850356.57848,106709.881238843,-0.124745932153232,NA,77.5601016506443,51.7434243981752,25.816677252469,0.0591344675296509,NA,104.512767716474,0,12.2567291689258,NA,82.5871481,71.9881106,71.7090468,"High income","Low","High","Low","Low","High",NA
"BOL",2019,"Latin America & Caribbean","Bolivia",1083300,4.84781279423982,11671386,1.40657823805422,30.2665013291613,69.7334986708387,22.257,2.688,6,67.82,9.04093200011477,1.88492609189688,37434651171.7885,3207.38695231128,0.0889440250061426,1.83954504969026,45.8209732749024,20.0474399352249,25.7735333396775,-0.44160551411852,25.1991880579003,100.14945954148,4.09529358747088,16.115250287981,4.89661789,53.0155277,35.5390215,31.1916865,"Lower middle income","Low","High","High","Low","Low","High"
"BRA",2019,"Latin America & Caribbean","Brazil",8358140,6.66583713601351,207455459,0.651994346081362,13.3202008915704,86.6797991084296,13.548,1.705,6,75.809,13.3105476119749,2.25869881785082,1819683217699.38,8771.44051292177,0.562970837578547,3.73297621216894,28.8902578698964,14.1229191913178,14.7673386785785,3.692673213156,8.87727798547265,97.3747376780285,3.21717303299592,19.9835812871624,3.91702151,53.5594912,50.3183068,40.3095121,"Upper middle income","Low","High","Low","Low","Low","Low"
"BRB",2019,"Latin America & Caribbean","Barbados",430,16.2790697674419,281207,0.176538259610281,40.7158859354514,59.2841140645486,11.446,1.715,5,76.495,21.1897909484803,3.08882780300633,5817511077.59999,20687.6467427909,0.0642920087754248,1.67662473276988,NA,NA,NA,3.49246359988213,2.82767700409596,117.111593950364,0.230547661622418,NA,2.54682422,82.5642331,70.4681921,71.033937,"High income","High","Low","Low","Low",NA,"Low"
"BRN",2019,"East Asia & Pacific","Brunei Darussalam",5270,0.759013282732448,442680,1.10621350885567,25.2076688216327,74.7923311783673,14.572,1.819,6,75.049,7.26787865241093,17.1760639739767,13278735842.9555,29996.2407223175,2.72616506285996,-0.390522069165529,108.509658357959,57.946040538108,50.5636178198506,2.77118007919324,1.95358268413174,129.845260684919,20.8493177212138,25.0403962194955,2.10503411,84.6510273,61.9307848,71.8039492,"High income","Low","High","High","High","High","Low"
"BTN",2019,"South Asia","Bhutan",38140,2.46460409019402,764824,0.66444642692507,60.9253176594854,39.0746823405146,12.421,1.448,6,72.005,8.47969895843659,2.36171982050772,2651940022.25787,3467.38598979356,5.05479153201512,2.72643037388832,76.1235167041505,31.4575032617598,44.6660134423907,0.475617042344246,51.125905985782,95.3472955869586,2.1900698281611,19.1177473889876,2.4829967,85.7792773,68.3559345,77.4890271,"Lower middle income","High","Low","Low","High","High","High"
"BWA",2019,"Sub-Saharan Africa","Botswana",566730,0.458772254865633,2332083,1.42262847077389,33.6728305154536,66.3271694845464,25.751,2.906,6,67.167,6.11521264923905,3.14825844534693,16212015762.4196,6951.73189051146,1.57639094067899,2.77286442863321,83.0929813601175,37.0878176552067,46.0051637049108,0.559653498041763,14.8886521327687,160.661520194607,0.656053805525875,31.6509036227899,4.37294102,85.6050279,64.7424819,64.499753,"Upper middle income","Low","High","High","Low","High","Low"
"CAF",2019,"Sub-Saharan Africa","Central African Republic",622980,2.88933834151979,4944703,1.34469255324203,58.2199569592668,41.7800430407332,44.108,6.09,6,31.53,4.48551885818785,0.0611563525655636,1986909345.61394,401.82582161435,1.72290159793216,2.68537355266787,50.0658000014868,15.7553800018083,34.3104199996784,1.1525297989583,63.620639457259,32.2626859489842,9.81112301862311,8.0446400022651,0.81889474,34.2446868,29.7030372,23.5361459,"Low income","High","Low","High","High","Low","High"
"CAN",2019,"North America","Canada",8965590,4.31070347852177,37618495,1.46171259938134,18.2636327952059,81.7363672047941,9.9,1.47,6,82.1585365853659,26.3697715591015,16.190860373335,1696606794629.52,45100.336805859,0.429657594374362,1.94926902411593,66.1713422730605,32.3526259007732,33.8187163722873,2.80676080429286,1.53796177745857,90.9589210049458,1.93317583033348,20.6634514308635,7.68264532,81.3392569,85.917657,84.1986505,"High income","Low","High","High","Low","Low","Low"
"CHE",2019,"Europe & Central Asia","Switzerland",39509.63,10.0935999653755,8575280,0.713313668444329,19.2207092677771,80.7792907322229,10,1.48,6,83.9048780487805,27.9908017758454,4.47745146514166,762620333380.6,88932.4119306425,0.396618811151228,0.362886179940674,123.022509832864,66.1484505764437,56.8740592564204,3.03579308743079,2.53795004633741,126.920635838501,0.0091832516564973,11.5905424800121,3.82881737,86.3945634,89.9081065,94.4299892,"High income","Low","High","Low","Low","High","Low"
"CHI",2019,"Europe & Central Asia","Channel Islands",198,NA,165639,0.417438625700863,67.1764588973124,32.8235411026876,8.3,1.35,NA,81.2,28.0216279196781,NA,10699371928.6621,64594.5213908684,1.15023329351136,NA,NA,NA,NA,NA,2.39994009509903,NA,NA,NA,NA,NA,NA,NA,"High income","High","Low","Low","Low",NA,"Low"
"CHL",2019,"Latin America & Caribbean","Chile",742831.64,1.88363799366435,19197744,1.59911795256016,11.8726314376462,88.1273685623538,10.94,1.43,6,80.324,17.8713690943583,4.96139546396702,261702273348.86,13631.9284885172,-0.952396500724504,2.55754475703327,57.6069157856537,27.8723266080413,29.7345891776124,4.87915172452024,7.03079649547351,130.492770400522,2.56889266052365,15.2526740979491,4.77255917,68.7252227,72.6995012,71.2750258,"High income","Low","High","High","Low","Low","Low"
"CHN",2019,"East Asia & Pacific","China",9388210,11.6042142218804,1407745000,0.354740890170827,37.2900848388672,62.7099151611328,10.41,1.496,6,77.94,17.2944746246392,8.39147587098516,14579018970009.3,10356.2924890582,5.69178029552671,2.89923416358227,35.4544350281407,18.1398222864053,17.3146127417354,1.28549226847992,24.7219896643701,122.670391850252,1.26691367576973,17.1510123948127,2.94739079,63.5270765,47.4720196,46.8505275,"Upper middle income","Low","High","Low","High","Low","High"
"CIV",2019,"Sub-Saharan Africa","Cote d'Ivoire",318000,13.6467194968553,28193009,2.61916841176218,48.6485200228759,51.3514799771241,34.306,4.523,6,60.274,4.50689015643299,0.467605284700189,59010785540.9857,2093.09994335779,3.96244737490909,0.790855512053661,44.6604105830795,22.6604887650452,21.9999218180343,1.40583048179048,45.944939092442,132.574011521792,2.95827158248838,10.8276425991993,0.96328849,48.5828489,46.6400181,37.1247819,"Lower middle income","High","Low","High","High","Low","High"
"CMR",2019,"Sub-Saharan Africa","Cameroon",472710,13.1158638488714,25506095,2.78164441246944,46.0512085880669,53.9487914119331,36.183,4.651,6,61.695,5.11143453570557,0.402691984014017,37502066832.7403,1470.31785276187,0.636415290549962,2.45280214062732,43.3785132480415,19.8500907473186,23.528422500723,2.58340602489154,43.045070011853,83.9044001051513,5.55584424286198,12.0963512548066,0.40687224,38.2687805,36.4970071,24.9071192,"Lower middle income","High","Low","High","Low","Low","High"
"COD",2019,"Sub-Saharan Africa","Congo, Dem. Rep.",2267050,6.0342736154915,92947442,3.1695285579572,57.1252909092524,42.8747090907476,42.549,6.253,6,60.242,6.07374115917291,0.0478324083410493,44849398935.1374,482.524295129472,-2.58176822938702,NA,60.9143523742792,28.4657291929772,32.448623181302,2.88391132652101,59.3584094811143,39.9399996397964,12.7500585788424,18.1548551592585,0.55490303,37.7644428,28.5802161,16.3382056,"Low income","High","Low","High","Low","Low","High"
"COG",2019,"Sub-Saharan Africa","Congo, Rep.",341500,1.61054172767204,5616661,2.40634419722279,36.4823623876615,63.5176376123385,32.183,4.38,6,63.152,4.92993867502267,1.28891524697681,10590275024.738,1885.51080877731,-1.27988440285151,2.20607305781525,91.5757547930374,56.1988143702835,35.3769404227539,-10.214754646531,36.206791116104,91.0654212529473,39.2430391553175,13.2408750888074,1.02925241,55.7072394,35.9262313,17.5994637,"Lower middle income","Low","High","High","Low","High","High"
"COL",2019,"Latin America & Caribbean","Colombia",1109500,2.0873510590356,49907985,1.78615507724394,22.5404471481623,77.4595528518377,14.218,1.71,6,76.793,11.7530250139278,1.72438739011403,321405606655.842,6439.96359812647,1.36014067984289,3.52301932741447,37.558533980839,15.8680386541241,21.6904953267149,4.33058240931506,15.1829622104953,132.810761644655,4.30433092902696,15.7732334152149,5.47731161,50.4304751,49.1724423,42.3435637,"Upper middle income","Low","High","High","Low","Low","Low"
"COM",2019,"Sub-Saharan Africa","Comoros",1861,34.9274583557227,786578,1.92385702700328,68.2712415931757,31.7287584068243,30.447,4.138,6,65.662,7.82381304065527,0.287320520024715,1092843848.69752,1389.36488014859,-0.178239892265168,3.58213544469211,42.2680785350184,12.7734606325226,29.4946179024958,0.359894031144375,34.5633633534748,73.1291747290161,1.48652356146246,10.0948841035328,0.83244753,58.1216877,40.071992,22.1531127,"Lower middle income","High","Low","High","Low","Low","High"
"CPV",2019,"Sub-Saharan Africa","Cabo Verde",4030,12.4069478908189,514104,0.134109462358547,28.3745714913423,71.6254285086577,14.288,1.698,6,75.449,8.83508259614049,1.62982587180804,2116002110.92756,4115.90283469406,6.80449531732363,1.10666674296063,103.602656463726,46.7050331370949,56.8976233266308,5.45788755667341,10.6045685688918,115.867801067488,13.1611296712207,19.8144671965614,3.24034405,80.231621,70.1881997,65.8582393,"Upper middle income","Low","High","Low","High","High","Low"
"CRI",2019,"Latin America & Caribbean","Costa Rica",51060,3.48500783392088,4999553,0.838278384859255,22.9564135264037,77.0435864735963,12.661,1.6,6,80.296,14.6956052046087,1.63874650393745,64714281272.693,12944.013449341,1.85075764226454,2.09604635327807,65.4194732486775,34.1472985859666,31.2721746627109,4.19904890207774,15.3081432648276,144.514079558713,0.759689840900586,16.6643233032277,5.23799706,76.5896171,66.9617832,62.5292538,"High income","Low","High","Low","High","Low","Low"
"CUB",2019,"Latin America & Caribbean","Cuba",103800,28.0211946050096,11202846,-0.216424863402489,22.9271774291992,77.0728225708008,9.668,1.54,6,77.413,22.3791271427649,1.98985150737589,91020354637.1475,8124.75282059108,0.0532186639248664,NA,22.8208911354416,12.2133743797594,10.6075167556822,NA,17.0201050042897,53.9383385257639,0.920750895009186,32.232015438819,9.86760807,77.1553649,43.9178235,44.9530881,"Upper middle income","Low","High","Low","Low","Low","Low"
"CUW",2019,"Latin America & Caribbean","Curacao",444,NA,157441,-1.19643951751799,8.6285081808695,91.3714918191305,10.1,1.6,6,76.492,20.3842068637146,NA,2830872595.0303,17980.5298177114,-2.04109664387006,2.62220783425059,NA,NA,NA,6.71586638933495,NA,97.200107627293,0,NA,NA,NA,NA,NA,"High income","Low","High","Low","Low",NA,NA
"CYM",2019,"Latin America & Caribbean","Cayman Islands",240,0.833333333333333,67327,2.08009420729087,0,100,12.435,1.508,5,79.052,9.41734681922912,5.84460914640486,5434269977.07991,80714.5718222987,1.77641822923059,NA,114.838539695171,69.4710255697764,45.3675141253948,18.1830873197548,NA,147.043533797733,0,2.35481309963543,NA,87.6795319,70.4467079,60.1096901,"High income","Low","High","High","High","High",NA
"CYP",2019,"Europe & Central Asia","Cyprus",9240,10.4324025974026,1286671,1.24612155650882,33.2322642929482,66.7677357070518,11.014,1.33,6,81.454,18.9315211272561,5.60889302704421,25246550963.5826,28167.146484375,4.46826562163456,0.250370996758493,150.50616312951,75.7588643662806,74.747298763229,431.788575910459,2.41074723073563,137.76052748227,0.00361325176711909,16.0348841954706,3.79063916,78.5331873,71.732418,61.6339343,"High income","Low","High","High","High","High","Low"
"CZE",2019,"Europe & Central Asia","Czechia",77205.5,32.1799871770794,10671870,0.393788864202175,27.2123573290437,72.7876426709563,10.5,1.71,6,79.2292682926829,31.1016030374541,9.72456561033821,217279912681.73,20360.0599221814,3.15874802851988,2.84787595918041,138.154609993871,72.1248511386482,66.0297588552233,4.18705737619001,2.66377082699749,124.126150238634,0.399790319341053,19.3687276792878,6.33127356,83.5971951,76.1786363,60.0687334,"High income","Low","High","Low","High","High","Low"
"DEU",2019,"Europe & Central Asia","Germany",349390,33.5270042073328,83092962,0.22551987421288,18.6946008310961,81.3053991689039,9.4,1.54,6,81.2926829268293,33.4240838892073,8.38218043063623,3675639268112.03,44235.2658954682,0.750266426253219,1.44565976888253,79.0732427175683,42.3402444816356,36.7329982359327,1.9056930139782,1.18740607688,128.292298108313,0.0926260316690242,20.2841166093722,8.89676571,78.3156599,86.3547779,85.8450483,"High income","Low","High","Low","Low","High","Low"
"DJI",2019,"Middle East & North Africa","Djibouti",23180,0.0862812769628991,1088709,1.55766086478885,28.2581853445482,71.7418146554518,21.913,2.798,6,64.381,6.88212987765772,0.765677513458601,3028726927.17701,2781.94350113484,3.91378440928256,3.31763203299603,320.93923036418,166.717864481384,154.221365882795,5.66550441566635,1.25780431116985,38.0143821719119,0.358531614173272,19.810959232023,1.28569102,59.3303305,39.6288457,29.0582086,"Lower middle income","Low","High","High","High","High","Low"
"DMA",2019,"Latin America & Caribbean","Dominica",750,8,67880,-0.432182012456847,28.5617715051036,71.4382284948964,11.512,1.504,5,71.305,17.3849775304943,1.26988803771361,585432211.240413,8624.51695993537,4.3983147374291,1.50462353858141,NA,NA,NA,9.78484788732394,NA,115.103123158515,0.0284260300710226,NA,3.33201027,82.7489638,67.3354878,57.9378139,"Upper middle income","Low","High","Low","High",NA,NA
"DNK",2019,"Europe & Central Asia","Denmark",40000,59.8983,5814422,0.358130915892652,11.7903509189331,88.2096490810669,10.5,1.7,6,81.4512195121951,30.8727053737307,5.17323991963432,332088518944.146,57114.6227336347,1.34779245340653,0.75813157251162,111.891475065653,58.9506079167167,52.9408671489359,-1.10067098319484,2.2229608691021,124.573359763273,0.446224762644461,24.2750272055161,8.52554512,81.242189,91.7336648,91.5002821,"High income","Low","High","Low","Low","High","Low"
"DOM",2019,"Latin America & Caribbean","Dominican Republic",48198.02,19.2206215110081,10894043,1.0333133463082,26.4596535327067,73.5403464672933,19.43,2.366,6,73.112,10.0542334946613,2.61257459696093,88427452425.8944,8117.04639185786,3.81572682273033,1.81060377042959,50.912982200697,23.325332586795,27.587649613902,3.17366550445317,8.88331377266102,82.1376141070859,1.05544444208182,10.4392552012067,2.66453695,66.7744903,48.7017175,31.6185157,"Upper middle income","Low","High","Low","High","Low","Low"
"DZA",2019,"Middle East & North Africa","Algeria",2381740,3.16197401899452,43294546,1.84041291439333,27.5175438619825,72.4824561380175,23.379,2.997,6,75.682,9.08218314490603,4.19651934911155,202300870247.92,4672.66408678635,-0.939992962004737,1.95176821052892,46.5068426081672,20.407941949491,26.0989006586763,0.713947308015691,10.0053795846248,104.922068012909,18.5236789388593,18.2610260787535,3.27598047,47.7447231,42.4090971,35.2940242,"Upper middle income","Low","High","High","Low","Low","Low"
"ECU",2019,"Latin America & Caribbean","Ecuador",248360,3.9821227250765,17340021,1.68935479627168,36.9372860285362,63.0627139714638,16.924,2.035,6,77.286,11.2697116186031,2.41784020907472,103544017315.435,5971.38938386723,-1.51253154807527,0.266012515466155,48.0828494933307,24.0486345985713,24.0342148947594,0.915058228783613,30.8610652741592,91.4249181128443,5.82070104913459,15.184077301137,4.91185951,62.3101269,45.8024781,37.1801972,"Upper middle income","Low","High","High","Low","Low","High"
"EGY",2019,"Middle East & North Africa","Egypt, Arab Rep.",995450,3.23371339595158,107553158,1.75497438173801,57.5187972667352,42.4812027332648,22.267,2.87,6,71.213,7.44924287915129,2.20383858928624,398080548970.536,3701.2446344954,3.71584088502073,9.15279959324804,41.1240171551108,16.6440314510365,24.4799857040743,2.82732944960686,21.1580259380101,88.6447815879102,5.72496131230483,7.2855611150822,1.29722774,45.4490688,44.0672159,34.6551366,"Lower middle income","High","Low","High","High","Low","High"
"ERI",2019,"Sub-Saharan Africa","Eritrea",121080.546,5.69868589789808,3240194,1.47474580694345,64.7647666931152,35.2352333068848,29.119,3.997,6,67.306,7.40353352761818,0.207888786905969,NA,NA,NA,NA,NA,NA,NA,NA,55.5668739635451,40.4605403256719,NA,NA,0.74166143,49.2154045,27.9012143,19.0348456,"Low income","High","Low","High",NA,NA,"High"
"ESP",2019,"Europe & Central Asia","Spain",499570.036,23.6449621650246,47118501,0.716697775475724,20.3650238891693,79.6349761108307,7.6,1.23,6,83.8317073170732,29.2912365372295,5.3981216422823,1333521400432.69,28301.4393949563,1.23303741249605,0.699518994458648,66.3662250440692,34.6755629292261,31.6906621148431,2.16052375036307,4.11382637552359,116.69612128516,0.0390101070611282,18.6747333912946,6.39903307,70.4560005,75.8206692,64.4581709,"High income","Low","High","Low","Low","Low","Low"
"EST",2019,"Europe & Central Asia","Estonia",42750,16.140350877193,1326898,0.371554389037477,30.4212602337846,69.5787397662154,10.6,1.66,7,78.6463414634147,31.2502367379406,11.6534202327534,27307395871.0676,20579.8756732376,3.3419636171697,2.27725931243522,140.352147998549,72.0191543549198,68.3329936436289,9.76819364646981,3.34008778292046,147.04692867619,1.80772963579084,19.1166337332142,4.94378757,79.9625636,82.8867196,78.6944247,"High income","Low","High","Low","High","High","Low"
"ETH",2019,"Sub-Saharan Africa","Ethiopia",1128570.9,14.3473484917961,115737383,2.69123978261516,78.7513294219971,21.2486705780029,33.549,4.347,7,65.741,5.41556721801467,0.159693432847017,86189951997.3118,744.702789740042,5.48664147824387,15.8096321719344,28.8152939292608,7.93996502525176,20.8753289040091,2.77536541538477,61.8104146305182,36.2199307720652,5.50373971369559,9.20441363031239,0.73088509,45.7555776,43.5958009,39.21469,"Low income","High","Low","High","High","Low","High"
"FIN",2019,"Europe & Central Asia","Finland",303930,7.38656927582009,5521606,0.110191690491055,27.2568785641686,72.7431214358314,8.3,1.35,7,81.9829268292683,35.5470495181139,7.99426833424913,253433824168.6,45898.5708448954,1.23812097519217,1.02409392963431,80.5641502947367,40.6183181143561,39.9458321803805,6.09707710249334,3.67175341585656,129.487723024493,0.365206984679912,23.479988931653,7.39612961,82.9390103,93.2567225,92.0742328,"High income","Low","High","Low","Low","High","Low"
"FJI",2019,"East Asia & Pacific","Fiji",18270,4.14887794198139,914899,-0.24900685817593,43.29010447743,56.70989552257,19.226,2.385,6,67.009,8.87910380323419,1.76959423936413,5215934664.43218,5701.10434532357,-0.334080345193271,1.79388647514555,110.696192117501,50.6482147032588,60.0479774142425,6.02971795135456,38.220505067473,112.580732955222,1.15438142466978,21.8331875535849,2.64242482,77.6492708,58.0490535,61.667764,"Upper middle income","High","Low","Low","Low","High","High"
"FRA",2019,"Europe & Central Asia","France",538950,33.2921152240468,67382061,0.332559129027963,21.3109215450644,78.6890784549356,11.2,1.86,6,82.8268292682927,32.9295024945655,4.79214044818249,2608036638906.12,38705.2072940618,1.68870844116209,1.10825492288294,66.4289607281749,32.8895429451147,33.5394177830602,1.96486943301562,2.51529494034492,109.600780374596,0.0337878193709454,23.5183661191968,8.33091736,69.3801876,77.3579292,75.4248136,"High income","Low","High","Low","High","Low","Low"
"FRO",2019,"Europe & Central Asia","Faroe Islands",1396,0.0472779369627507,51790,1.54302729710577,61.6054344177246,38.3945655822754,13.3,2.4187,NA,82.3912829268293,28.3722824384437,0.0405483684108901,2901879820.04399,56031.6628701293,2.93783373419572,NA,108.623245950251,55.7697162765718,52.853529673679,NA,NA,106.012499517766,0,27.6094430648189,NA,NA,NA,NA,"High income","High","Low","High","High","High",NA
"FSM",2019,"East Asia & Pacific","Micronesia, Fed. Sts.",700,2.85714285714286,110282,0.338797095962346,77.640754222919,22.359245777081,22.891,2.883,6,66.196,7.67760758570387,0.0018135325801128,335596638.655462,3043.07718989012,3.29317692508138,1.92385170787923,106.582278481013,35.4430379746835,71.1392405063291,NA,NA,20.8556246712972,0.0147433271606052,NA,1.74894965,83.1362703,60.7820409,63.625007,"Upper middle income","High","Low","Low","High","High",NA
"GAB",2019,"Sub-Saharan Africa","Gabon",257670,1.26130321729344,2267706,2.47279132038176,10.0968149829606,89.9031850170394,30.146,3.884,6,67.337,6.7406838286423,2.49273935862938,15460241661.1259,6817.56879468764,1.38257599119697,2.46456756151187,73.4280894486644,51.4310732271996,21.9970162214648,9.20409837955739,30,131.975264871196,19.1754988018892,10.9934292922959,1.66963005,61.1017813,42.0629623,31.267904,"Upper middle income","Low","High","High","Low","High","High"
"GBR",2019,"Europe & Central Asia","United Kingdom",241930,25.1543768858761,66628000,0.513111008030604,17.3300579261087,82.6699420738913,10.645,1.632,5,81.3691219512195,29.0585514724992,5.38832172660143,3189276748351.15,47866.9140354078,0.738072456841849,1.73810460086513,65.0035664177054,31.9028602803155,33.1007061373899,0.688204352262878,1.08545574617502,120.250108782533,0.540491129160741,18.8950896176188,7.95685244,75.5992994,81.7218803,83.6302925,"High income","Low","High","Low","Low","Low","Low"
"GEO",2019,"Europe & Central Asia","Georgia",69490,4.41790185638221,3720161,-0.171565740223868,41.3695908219657,58.6304091780343,13.588,2.021,6,74.165,22.8003267728678,3.20488817553864,18510819818.4957,4975.81148194814,5.56167165873158,4.85289821696723,117.810080239714,54.3043084100873,63.5057718296264,7.92523222582948,41.1418446285733,141.755414275788,0.603605792551493,13.1442836745365,2.69142175,63.5922889,60.6553237,64.9310961,"Upper middle income","High","Low","Low","High","High","High"
"GHA",2019,"Sub-Saharan Africa","Ghana",227533,20.487768807162,31258945,2.00780519953703,44.2753720890839,55.7246279109161,27.891,3.593,6,64.455,5.82321219444882,0.648665525979844,62503939826.8611,1999.55372220211,4.39063133478864,7.14364003330857,76.824802732152,37.4495998625311,39.3752028696209,5.67619931009197,37.6580356214864,130.70523333401,9.76736656039863,7.04320381025923,1.9720608,66.1232816,58.9906253,45.8418959,"Lower middle income","High","Low","High","High","High","High"
"GIB",2019,"Europe & Central Asia","Gibraltar",10,NA,35494,1.81957598739227,0,100,11.975,1.912,5,83.183,27.1144169765916,20.2118667943878,NA,NA,NA,NA,NA,NA,NA,NA,NA,114.208035160872,NA,NA,NA,NA,NA,NA,"High income","Low","High","High",NA,NA,NA
"GIN",2019,"Sub-Saharan Africa","Guinea",245720,20.0183118997233,13034346,2.56100451729991,63.8718452453613,36.1281547546387,35.952,4.576,7,59.379,6.38550878881132,0.369331917381969,12075307751.6835,926.42221954853,2.9464024435663,9.47001039253012,78.4153132285974,35.0420493356329,43.3732638929645,0.330286821832839,48.2673703892797,98.7621473298315,4.65794341633325,15.402325246451,0.92095226,51.2403992,38.3218373,29.1689419,"Lower middle income","High","Low","High","High","High","High"
"GMB",2019,"Sub-Saharan Africa","Gambia, The",10120,43.4782608695652,2456844,2.35622071960344,38.356789150393,61.643210849607,31.921,4.33,7,64.427,4.94905526129721,0.189267206220664,1677527292.27233,682.797642940426,3.74848295956672,7.11567625631192,55.9979116186993,20.1658912380486,35.8320203806507,3.9194379121789,28.4343309883713,105.204644657943,2.81390983977653,8.24288423463265,1.28750503,67.0539043,49.339393,40.9389611,"Low income","Low","High","High","High","Low","High"
"GNB",2019,"Sub-Saharan Africa","Guinea-Bissau",28120,13.0495448079659,1967696,2.34095994762157,56.1254425048828,43.8745574951172,31.848,4.153,6,62.161,5.31838647098745,0.181227181434531,1389780856.97486,706.298562874985,2.89045755858285,0.24660026814783,49.943905496502,18.2810341557162,31.6628713407858,4.48928839147048,64.3813975386937,80.8245277725828,9.94740073583492,18.6977168253202,0.45877996,57.9713799,37.2769205,16.9242992,"Low income","High","Low","High","High","Low","High"
"GNQ",2019,"Sub-Saharan Africa","Equatorial Guinea",28050,1.88948306595365,1670177,3.271454421427,29.8824580452707,70.1175419547293,31.783,4.429,7,62.297,5.87510132569272,3.0669803260373,10051326714.9325,6018.12066321865,-8.52391282041842,1.53027528964189,94.8787924253545,51.1307495482003,43.7480428771542,7.22811929659373,55.8356005729206,36.942192354463,25.4372801609757,25.4606719871873,0.8050639,60.0851443,29.6261966,17.1318762,"Upper middle income","Low","High","High","Low","High","High"
"GRC",2019,"Europe & Central Asia","Greece",128900,16.5113157486424,10721582,-0.105339392724138,21.8111899533125,78.1888100466875,7.8,1.34,6,81.6390243902439,34.8041078249776,5.7354129269356,206033167050.895,19216.6759579785,2.38497557963629,0.253007522038157,80.5900949510457,39.5602885530263,41.0298063980194,2.41172201156202,11.1507282816022,110.855033355177,0.0704760678864166,20.0269892386223,3.95904088,70.6590444,63.5706981,54.0093632,"High income","Low","High","Low","High","High","Low"
"GRD",2019,"Latin America & Caribbean","Grenada",340,8.82352941176471,115981,0.250354079448358,63.8653534320096,36.1346465679904,12.466,1.542,5,74.971,15.8126861415626,1.55542718203844,1134939081.03144,9785.56040240592,0.424779227477273,0.598149764736022,NA,NA,NA,17.1914579677146,NA,100.175028668489,0,NA,2.04134059,81.5566579,63.6860872,55.5064089,"Upper middle income","High","Low","Low","Low",NA,NA
"GRL",2019,"Europe & Central Asia","Greenland",410450,NA,56225,0.359917714454119,12.9782104492188,87.0217895507812,15.1,2.115,NA,71.4092682926829,12.1620600166293,9.31791907514451,2708402650.63237,48170.7896955512,2.46273159433217,NA,92.1907515607492,41.0427004962382,51.148051064511,NA,NA,109.935097353969,0,43.7935208900272,NA,95.939297,84.9836682,70.3988183,"High income","Low","High","Low","High","High",NA
"GTM",2019,"Latin America & Caribbean","Guatemala",107160,14.3523702874207,17103803,1.52062955252943,45.8117732732026,54.1882267267974,23.089,2.593,7,71.639,7.30418232637222,1.14962736649855,70794728365.1131,4139.12206338632,2.44813678390565,3.69998398008605,45.5167341849579,17.6119727745274,27.9047614104306,1.51707073546928,31.0846578149197,122.043793418341,1.14790981503494,11.1070027627273,2.37253165,54.0326157,39.6565997,27.5352234,"Upper middle income","High","Low","High","High","Low","High"
"GUM",2019,"East Asia & Pacific","Guam",540,1.85185185185185,161808,-0.536848682318792,5.92001975010611,94.0799802498939,19.256,2.938,6,76.645,16.1657189277011,0.00247206565806388,5959409099.18107,36830.1264410973,3.07547868580322,NA,78.0645161290323,22.2501966955153,55.8143194335169,NA,1.82416774995761,NA,0,NA,NA,82.037867,81.472017,71.7090468,"High income","Low","High","Low","High","High","Low"
"GUY",2019,"Latin America & Caribbean","Guyana",196850,0.492760985521971,807665,2.0146740033225,73.5741165226942,26.4258834773058,21.945,2.521,6,69.067,8.92855440727629,3.45861217212582,5071030135.73162,6278.63054079553,3.25156178245531,2.11238986774464,NA,NA,NA,51.9994680084664,15.2981983446759,96.327066296051,5.96249594118667,NA,2.90384364,64.8797001,49.3874005,42.975976,"High income","High","Low","High","High",NA,"Low"
"HKG",2019,"East Asia & Pacific","Hong Kong SAR, China",1050,2.85714285714286,7507900,0.739283471323064,0,100,7,1.064,6,85.1558536585366,25.4413059333564,5.79498927796055,331813698522.682,44195.2741142906,-2.39666775385065,2.88320853773996,353.743521139731,177.651315174364,176.092205965367,16.0571325877868,0.205572640546107,286.618647834243,0.000885726237364786,10.8764361048878,NA,62.7459691,79.9523997,83.057951,"High income","Low","High","Low","Low","High","Low"
"HND",2019,"Latin America & Caribbean","Honduras",111890,9.09822146751274,9943633,1.81063773761993,43.6208438610234,56.3791561389766,23.111,2.611,6,72.124,6.12853458543412,1.02100509944404,24338200129.3672,2447.61649282181,0.71936151617345,4.36587159819274,99.4595352452417,40.2185209903792,59.2410142548624,3.83846408231678,22.5219034960644,76.0268304351136,0.916855208806467,13.879034545863,2.89673924,51.7655593,38.4368702,26.4344138,"Lower middle income","High","Low","High","Low","High","High"
"HRV",2019,"Europe & Central Asia","Croatia",55964,14.7058823529412,3949390,-0.992302961069294,43.696752041694,56.303247958306,9.1,1.47,7,78.2243902439024,32.9516011246356,4.5506268056586,57826469010.6323,14641.8735578488,4.13065464683689,0.771820346498112,101.395111645358,50.4917495355699,50.9033621097876,6.47280555618669,6.10427260181352,110.493802074789,0.619466125649912,21.6952609915128,5.53433323,78.6648898,62.3003726,48.3603618,"High income","High","Low","Low","High","High","Low"
"HTI",2019,"Latin America & Caribbean","Haiti",27560,36.2844702467344,11105163,1.29423660619831,47.9930940047525,52.0069059952475,23.774,2.862,6,64.328,6.97061311602081,0.323714293972993,15485274058.243,1394.42114071112,-2.98683711868885,18.7037825672506,44.5687187758294,10.5576734334849,34.0110453423444,0.499464210439719,45.165510614367,61.6234088594647,0.443318678876138,7.19135114705545,0.40745705,49.6502252,36.6340886,18.2530082,"Lower middle income","High","Low","High","Low","Low","High"
"HUN",2019,"Europe & Central Asia","Hungary",91260,47.3044049967127,9694824,-0.125143121699401,29.5434722900391,70.4565277099609,9.6,1.58,7,76.3195121951219,29.77020722,5.31240175169761,148241697677.304,15290.8085466331,5.2087641343076,3.33858635382008,159.925556464831,81.065700696964,78.8598557678669,59.5775493833952,4.73233560479278,105.141557934591,0.303895061476493,19.968827606623,4.26813841,78.4086402,62.2675157,49.570419,"High income","Low","High","Low","High","High","Low"
"IDN",2019,"East Asia & Pacific","Indonesia",1877519,9.48437251500517,272489381,0.935604959235128,44.2617950439453,55.7382049560547,16.909,2.205,7,70.349,9.61947648774002,2.33979466524606,1049330233997.45,3850.90321738979,4.0413041818536,3.03058460941661,37.6277775357108,18.5915277970883,19.0362497386225,2.23336204282241,28.4631336137713,125.244348145809,3.23583967668836,8.80847129067065,1.39791656,55.9824787,53.6607218,39.1944788,"Upper middle income","High","Low","Low","High","Low","High"
"IMN",2019,"Europe & Central Asia","Isle of Man",570,42.1052631578947,83957,0.181209143421298,47.8210101752422,52.1789898247578,8.826,1.606,NA,80.74,34.2690788105635,NA,7985161906.36243,95110.1385990737,0.0733713448695283,NA,NA,NA,NA,NA,NA,NA,0,NA,NA,NA,NA,NA,"High income","High","Low","Low","Low",NA,NA
"IND",2019,"South Asia","India",2973190,52.2566670814849,1389030312,1.04001395098104,66.1860421181853,33.8139578818147,17.368,2.12,6,70.746,9.2965077293909,1.83688223212799,2689205295885.26,1936.03067741063,2.79675759966057,3.72950573539123,39.9054035306442,18.664264897257,21.2411386333872,1.78482633957161,40.6518149993227,82.898144918237,2.01224538396897,11.0026755133718,1.03550148,55.8082856,56.6186668,43.4354345,"Lower middle income","High","Low","Low","High","Low","High"
"IRL",2019,"Europe & Central Asia","Ireland",68890,6.43054144287995,4976456,1.58865409604595,36.7262990845873,63.2737009154127,11.9,1.69,5,82.7024390243903,21.798268341024,7.30821291296457,380627401462.693,76485.635854651,3.31840085150145,0.937842961189274,257.652772910421,131.224509342169,126.428263568252,7.67467578422042,4.42881782518225,104.597515228061,0.0671703776701016,11.7807140950215,4.8862195,81.9665496,83.4862527,78.6004371,"High income","Low","High","High","High","High","Low"
"IRN",2019,"Middle East & North Africa","Iran, Islamic Rep.",1622500,9.6271186440678,87051648,1.07831720901251,24.7961120605469,75.2038879394531,14.918,1.766,6,76.855,10.1576571036537,8.18571981543646,431119516583.705,4952.45669081078,-3.40863263146464,39.9073455697784,48.5917712137038,22.3147082096412,26.2770630040625,0.433347777066285,16.3333671412063,135.622267599115,27.8006661533715,14.8711446390003,2.74998093,44.4465189,38.8293982,27.77613,"Upper middle income","Low","High","High","Low","Low","Low"
"IRQ",2019,"Middle East & North Africa","Iraq",434130,11.4458802662797,41192171,2.27501115691232,30.1316604614258,69.8683395385742,27.252,3.48,6,71.245,5.74191752583558,4.70108992313127,201765390231.117,4898.14897668582,3.14043943608276,-0.198965380023882,68.9899384202806,38.0518681988838,30.9380702213968,-1.31640616709339,8.52954667554379,90.3685290100393,40.609902398822,19.3153864358706,2.07680917,27.926688,33.3158272,18.6396013,"Upper middle income","Low","High","High","High","Low","Low"
"ISL",2019,"Europe & Central Asia","Iceland",100830,1.20003967073292,360563,2.19893225826166,6.0229152583869,93.9770847416131,12.3,1.74,6,83.1634146341463,21.3971787497354,8.81066554249882,20594942209.8705,57118.8452777198,-1.06147505075413,3.01397179156061,83.7923659518443,44.7138622775299,39.0785036743144,-2.22712995709055,4.03613668687776,114.623232603271,0.000108843842062041,24.8087103441744,7.16506433,92.4804694,87.0266527,84.8176387,"High income","Low","High","High","Low","High","Low"
"ISR",2019,"Middle East & North Africa","Israel",21640,17.4676524953789,9054000,1.90898263957994,8.3845997997348,91.6154002002652,20.1,3.01,6,82.8048780487805,19.8124532127233,7.21388336646786,356021732427.035,39322.038041422,1.62043641627767,0.817645940292794,56.5281618447823,29.0853955837603,27.442766261022,4.34923898223678,0.920851321319169,135.143345507015,0.189655855195189,22.249340873642,4.67124081,58.4448733,73.2999655,64.07143,"High income","Low","High","High","Low","Low","Low"
"ITA",2019,"Europe & Central Asia","Italy",295717,23.3810805601301,59729081,-0.247712826621699,30.4949989318847,69.5050010681153,7,1.27,6,83.4975609756098,36.1726489982207,5.56784056329278,1922107755078.16,32180.4341017428,0.678246830552865,0.611246943765304,58.6941902594738,30.9498739181942,27.7443163412796,1.77066894209208,3.87830880419639,132.181234381376,0.0824926231070219,18.6874454981379,6.31018782,71.4003499,66.0800324,53.5807568,"High income","Low","High","Low","Low","Low","Low"
"JAM",2019,"Latin America & Caribbean","Jamaica",10830,11.0803324099723,2823271,0.112486030848061,43.3042042604926,56.6957957395074,12.169,1.39,6,71.532,9.6605548682956,2.98926316318908,16416735750.8852,5814.79275311692,1.69497447065874,3.90510000865872,NA,NA,NA,3.90817004443178,15.2306387135388,107.105304450051,0.364234398807819,NA,3.97861576,68.9525634,54.0303251,46.5657717,"Upper middle income","High","Low","Low","High",NA,"Low"
"JOR",2019,"Middle East & North Africa","Jordan",88794,2.41908237043043,10671891,1.98343822476301,8.484033507493,91.515966492507,22.236,2.855,6,76.865,6.00093286540193,2.18238735759201,46036487855.985,4313.80791426608,-0.144023848563009,0.761514047265601,NA,NA,NA,1.50023479065386,3.35614007541066,72.8902684631993,0.0428576620025569,NA,3.03746152,61.0324608,59.314202,49.6648882,"Upper middle income","Low","High","High","Low",NA,"Low"
"JPN",2019,"East Asia & Pacific","Japan",364500,11.3141289437586,126633000,-0.140464977878172,8.2835792101893,91.7164207898107,7,1.36,6,84.3563414634146,48.5194993042234,8.87456666113888,4664812538574.46,36837.2583653113,-0.168366879621402,0.46877615938395,34.3582972799989,17.0377974181499,17.320499861849,0.761769170240795,3.37543887644299,147.209910756974,0.0932286615908601,19.4451575446193,9.2108326,84.9598388,82.987206,76.8716644,"High income","Low","High","Low","Low","Low","Low"
"KAZ",2019,"Europe & Central Asia","Kazakhstan",2699700,10.8820609697374,19209555,1.45157995956237,40.9167525730454,59.0832474269546,21.424,2.89,7,73.658,11.7790269663408,11.3909406022159,211106940610.612,10989.6840718388,2.99405538115775,5.33356098916669,64.8586165517565,36.4389870990994,28.419629452657,2.05367649290766,13.7617849437852,133.879728083238,17.9259738525419,9.13216157597614,1.72108889,62.1182664,49.5474101,43.6609232,"Upper middle income","High","Low","High","High","Low","Low"
"KEN",2019,"Sub-Saharan Africa","Kenya",578920.25,11.4560838042891,51202827,1.96381549826771,68.8104433578865,31.1895566421135,28.226,3.433,6,62.939,4.78684442513126,0.380387200105182,84264984851.3549,1645.70961777862,3.07004769448449,5.23963795764792,31.759461841481,11.4279956869332,20.3314661545478,0.468168547481475,49.7343373997981,106.547822056778,1.22718421158535,12.1707972873275,2.00870633,47.5288168,47.3437741,31.4670524,"Lower middle income","High","Low","High","High","Low","High"
"KGZ",2019,"Europe & Central Asia","Kyrgyz Republic",191800,6.71220020855057,6590211,2.24236415055009,65.1194794241956,34.8805205758044,26.9,3.3,7,71.6,8.31582010095524,1.55180160392437,7920623120.2686,1201.87701429721,2.28120088774463,1.13362257718804,94.4302823542939,33.4764696600324,60.9538126942615,4.3096066288398,16.356757524542,132.776694304851,7.24320231053747,15.700980649991,2.18779993,62.3615904,44.2554734,27.9641091,"Lower middle income","High","Low","High","High","High","Low"
"KHM",2019,"East Asia & Pacific","Cambodia",176520,23.0038284613642,16481304,1.26258301009769,60.4169758743974,39.5830241256026,22.988,2.725,6,70.127,8.31672836868017,0.953249815669925,33099747942.811,2008.32094006706,6.58272364852731,1.94257500833107,115.736679072448,55.4468679729119,60.289811099536,9.98500044202808,39.8680962570644,129.957441474291,0.714485690319546,4.8093386379996,1.22948682,62.5885672,37.5048848,20.7533478,"Lower middle income","High","Low","High","High","High","High"
"KIR",2019,"East Asia & Pacific","Kiribati",810,2.46913580246914,123921,1.4934933399344,43.7153272854511,56.2846727145489,27.826,3.29,6,65.866,6.38466832548044,0.614100919133964,227323938.826829,1834.42627824847,1.77977627382882,-1.81307995302947,98.3565819131955,14.9888877146964,83.367694198499,-0.257400772595406,NA,44.1071327700713,0.0427412418710569,62.0937927376099,9.23076916,84.6713442,67.0075241,54.9495562,"Lower middle income","High","Low","High","High","High",NA
"KNA",2019,"Latin America & Caribbean","St. Kitts and Nevis",260,19.2307692307692,46952,-0.119199673543347,68.5878181607715,31.4121818392285,12.86,1.568,5,71.54,12.4862665914422,2.77304481172261,1046924638.78381,22297.7644995701,3.06102179372833,-0.329562063663977,NA,NA,NA,5.63784923158187,NA,138.916340092009,0,NA,2.55811405,77.2481607,67.8629752,54.4171735,"High income","High","Low","Low","High",NA,NA
"KOR",2019,"East Asia & Pacific","Korea, Rep.",97600,13.9754098360656,51764822,0.347874968577526,18.7098936464381,81.2901063535619,5.9,0.918,6,83.2268292682927,20.7697470386564,12.6531894575046,1733930596323.25,33496.3113815643,1.95849636720857,0.383000303608136,71.4470632403511,37.0413266370488,34.4057366033023,0.550202642546341,5.14298764562853,133.079790493891,0.121453005220381,16.06298714056,4.43231916,80.490315,76.0778177,60.2693169,"High income","Low","High","Low","High","High","Low"
"KWT",2019,"Middle East & North Africa","Kuwait",17820,0.448933782267116,4442316,2.71071332448015,0,100,12.06,2.082,6,81.969756097561,4.76550252945172,21.7968059903888,118077765349.788,26580.2264741607,-0.471027490632153,1.09184802655856,91.6857123895953,52.0582560763879,39.6274563132075,0.366059041832984,2.03916813289584,164.941648203568,39.8386703389064,24.4026499843359,4.56783867,70.0978967,58.1044823,45.1303189,"High income","Low","High","High","Low","High","Low"
"LAO",2019,"East Asia & Pacific","Lao PDR",230800,5.61351819757366,7237636,1.52576304616693,64.0927119120549,35.9072880879451,23.151,2.589,6,67.911,6.5373787046973,2.67630204116372,18491844275.7106,2554.95638019245,3.86091278109465,3.32255881256925,NA,NA,NA,4.03149139231071,69.3587576077181,64.0668582946144,3.10453941803438,NA,0.96142328,72.0130362,40.7135795,25.4876444,"Lower middle income","High","Low","High","High",NA,"High"
"LBN",2019,"Middle East & North Africa","Lebanon",10230,13.2258064516129,5794594,-3.21837128976045,10.5013256478497,89.4986743521503,17.622,2.327,6,78.208,13.867380966529,4.66025747446672,46727888410.6848,8064.04873416236,-3.87037166908469,3.00538949390383,62.98091601016,20.6977589567577,42.2831570534023,3.69413245000342,3.56322384711598,73.1364785867655,0.00131340504601898,15.6297834775773,4.28126144,43.00695,42.1558502,22.9844669,"Lower middle income","Low","High","Low","Low","Low","Low"
"LBR",2019,"Sub-Saharan Africa","Liberia",96320,5.19102990033223,5043721,1.98225492944197,47.14473773553,52.85526226447,32.431,4.257,6,61.232,5.82889173295316,0.20014984968439,3211334057.92828,636.699384824869,-4.38160849244818,26.9662760197878,NA,NA,NA,2.61121194879185,41.3300349708652,38.4041861157665,14.2604895547102,NA,1.3562839,61.5011116,41.9799431,27.7934547,"Low income","High","Low","High","Low",NA,"High"
"LBY",2019,"Middle East & North Africa","Libya",1759540,0.977528217602328,6951033,1.47795950725002,12.1779884790658,87.8220115209342,19.241,2.539,6,72.941,7.0619730215132,8.26849764632106,60949510655.8708,8768.4104874586,-12.4989174222368,-2.16217883470591,78.9939691850138,42.35532240076,36.6386467842538,NA,10.6903457965215,164.00440049702,34.4990280272661,43.6144615638812,3.95533991,27.3077464,29.0596443,16.5504948,"Upper middle income","Low","High","High","Low","High","Low"
"LCA",2019,"Latin America & Caribbean","St. Lucia",610,4.37704918032787,177661,0.3631466895222,75.7523025341618,24.2476974658382,11.853,1.424,5,72.249,11.7782891974685,1.65877710921361,1968119316.49773,11077.9479823807,-1.38812466794819,0.539087559191757,NA,NA,NA,3.6127905089311,9.97268414242584,83.1865181441059,0.0105301058741755,NA,2.07973409,80.7603205,68.4412101,57.4607533,"Upper middle income","High","Low","Low","Low",NA,"Low"
"LIE",2019,"Europe & Central Asia","Liechtenstein",160,10.8125,38563,0.825428790511035,85.3929169994049,14.6070830005951,9.2,1.48,7,84.1609756097561,27.2530446549391,NA,NA,NA,NA,NA,NA,NA,NA,NA,NA,124.214360041623,0.00179668932945333,NA,3.76001668,93.9613195,85.0512512,88.7489637,"High income","High","Low","Low",NA,NA,NA
"LKA",2019,"South Asia","Sri Lanka",61864.47,22.1706061653805,21803000,0.611875945764341,80.5053673581563,19.4946326418437,14.6,2.022,5,76.698,15.7275340756216,1.09952758794661,97149412501.4789,4455.78188788143,-0.829146715016009,3.52839358231811,49.4255238852768,21.8235309246323,27.6019929606444,0.835367460265196,25.3271996274154,126.514451763616,0.0722571812304566,8.97254856467492,1.73423195,62.9256436,55.6205441,44.5365376,"Upper middle income","High","Low","Low","Low","Low","High"
"LSO",2019,"Sub-Saharan Africa","Lesotho",30360,4.95388669301713,2209405,1.17469837087993,61.3959079553741,38.6040920446259,26.44,2.924,6,55.249,6.2841112690502,0.354575100536117,2299976266.27346,1040.99351014117,-2.56925986092637,5.18708359197982,140.51663349168,46.2093281781161,94.3073053135637,1.49464849213428,29.8342908721852,76.1124827725111,3.73425482845294,37.6925712652716,6.75437784,60.9752323,51.0859937,47.2835466,"Lower middle income","High","Low","High","Low","High","High"
"LTU",2019,"Europe & Central Asia","Lithuania",62620,35.3225806451613,2811089,-0.288120400605037,32.754264831543,67.245735168457,8.9,1.43,7,76.2829268292683,30.5341477917016,5.08575146500164,49002127329.2631,17431.7239081591,4.97938353929399,2.33450937988027,148.374996011818,76.8187229886379,71.5562730231805,6.23035300556357,6.43624094961336,132.528841977519,0.334182488318804,16.7659394694471,4.52023697,82.6773936,75.1713472,63.2003477,"High income","Low","High","Low","High","High","Low"
"LUX",2019,"Europe & Central Asia","Luxembourg",2574.46,24.0667945899334,620001,1.9628449198635,6.7410160265233,93.2589839734767,10,1.34,6,82.6390243902439,20.8171874347396,15.63174898105,66707085285.153,107591.899505248,0.752175646219683,1.74332075653848,382.66078058442,206.580145839872,176.080634744548,234.310617307358,0.749610459995935,131.870169616698,0.00887356762506664,17.2119600038645,4.69412756,88.1954355,88.6868729,93.5806908,"High income","Low","High","High","Low","High","Low"
"LVA",2019,"Europe & Central Asia","Latvia",62227,21.1965866906648,1913822,-0.695239140136066,31.933676305754,68.066323694246,9.8,1.61,7,75.3878048780488,32.0603317854173,4.13194121501373,29335802338.5259,15328.3859933295,1.37774612596324,2.81140920075624,125.29163170793,62.5368430163073,62.7547886916228,3.37100266711483,6.81182695868122,108.221910991332,1.18938805075522,19.4780356655043,4.10785341,77.4765827,71.2277193,62.0056741,"High income","Low","High","Low","Low","High","Low"
"MAC",2019,"East Asia & Pacific","Macao SAR, China",32.9,NA,672000,1.96865626033754,0,100,8.9,0.899,6,83.9292682926829,14.111336716759,3.34419642857143,50886936460.4335,75724.6078280261,-4.36234107753577,2.75193081051975,115.23129893555,82.646781315937,32.5845176196127,11.7748789603391,0.400020241378438,416.260540646881,0.000345302748769397,10.2159750855141,NA,85.5180621,72.5641029,59.4802492,"High income","Low","High","High","Low","High","Low"
"MAF",2019,"Latin America & Caribbean","St. Martin (French part)",50,NA,34267,-4.96694243141292,0,100,18.955,2.791,NA,80.078,25.4676324958738,NA,NA,NA,11.9233703264347,NA,NA,NA,NA,NA,NA,NA,NA,NA,NA,NA,NA,NA,"High income","Low","High","Low","High",NA,NA
"MAR",2019,"Middle East & North Africa","Morocco",446300,15.4581313018149,36210898,1.03022315933698,38.1569549766235,61.8430450233765,18.258,2.342,6,74.245,10.1746908680514,1.9847450344921,123651944968.713,3364.73950195313,1.81642055572905,0.303386036590383,75.9981158798422,34.093057468891,41.9050584109511,1.33479789567415,31.6221622583243,128.874798962456,0.321780512925498,18.1789365690301,2.02342105,59.225745,51.4596208,39.238828,"Lower middle income","Low","High","Low","High","High","High"
"MCO",2019,"Europe & Central Asia","Monaco",2.027,NA,38109,-0.118012680389237,0,100,9.965,2.403,6,86.151,70.9164572542182,NA,7072369914.49454,185582.66851648,7.24738037567747,NA,NA,NA,NA,NA,NA,88.6483507832795,0,NA,3.3414309,92.3515614,83.4086617,84.3407096,"High income","Low","High","Low","High",NA,NA
"MDA",2019,"Europe & Central Asia","Moldova",32885.9,51.3867645404261,2664224,-1.60031653578231,59.227710723877,40.772289276123,12.637,1.78,7,70.181,20.7793602229714,3.41941968843461,9161406662.06896,3438.67732670712,5.22280984962049,4.83778351428729,87.6322371148906,31.1910849579769,56.4411521569138,4.44218297010915,57.2971793716924,116.105189229966,0.249756859922812,15.2110207292095,3.87679625,63.3755268,50.5150974,32.2024192,"Upper middle income","High","Low","Low","High","High","High"
"MDG",2019,"Sub-Saharan Africa","Madagascar",581800,5.15641113784806,28219554,2.60136633480103,69.6953027629796,30.3046972370204,33.594,4.221,6,63.504,5.49617044457009,0.142139028845034,13186360203.1442,467.27741349648,1.73013722889858,5.61051441492365,62.6013230457128,28.4244012431975,34.1769218025153,3.36279830994653,70.880430904178,46.077978411707,4.7078522848274,15.1061191330375,0.68268955,56.8504887,42.5157673,29.1178563,"Low income","High","Low","High","High","Low","High"
"MDV",2019,"South Asia","Maldives",300,13,487731,3.04593554452725,59.9507235216718,40.0492764783282,12.597,1.64,6,79.707,5.14498656920164,3.10683553024106,5460112147.97969,11194.9253748064,3.71535274800274,0.220029731065383,137.125230875185,65.5134179400092,71.6118129351757,16.7834728448357,13.2520149993535,169.774322321116,0.00274890529404401,16.5770131482612,5.87739515,64.5089747,48.6393597,37.3140909,"Upper middle income","High","Low","High","High","High","Low"
"MEX",2019,"Latin America & Caribbean","Mexico",1943950,9.97968054733918,125762982,0.950144329831411,21.644015667008,78.355984332992,16.877,2.02,6,74.53,11.0597076431255,3.92542377851696,1277682078136.65,10159.4448367696,-1.33462177697962,3.63596142127046,77.4619722509459,38.5296507889335,38.9323214620124,2.29651449559824,12.8908860045255,97.0358606795758,2.09126302062882,11.1079031004189,2.60652828,50.5648971,41.8879329,29.8469098,"Upper middle income","Low","High","Low","Low","High","Low"
"MHL",2019,"East Asia & Pacific","Marshall Islands",180,2.77777777777778,44007,-2.86271396531764,23.0577287957846,76.9422712042154,23.736,3.012,6,66.047,5.82743674285926,0.00227236575999273,227200000,5162.81500670348,13.6597363046024,NA,153.007728638901,37.0618720480893,115.945856590812,2.21765571320359,NA,36.3578521598836,0,66.0351223701159,6.66548347,85.5530879,71.5566641,54.9495562,"Upper middle income","Low","High","Low","High","High",NA
"MKD",2019,"Europe & Central Asia","North Macedonia",25220,16.6137985725615,1876262,-0.679308688552216,39.3713151897868,60.6286848102132,9.6,1.34,6,76.6024390243903,23.5208765717986,4.62504703500897,11185494933.6944,5961.58475399191,4.61869501137757,0.766439573459805,138.576231840539,62.4080567878813,76.1681750526576,4.35892493383855,13.4221619884512,101.231634434543,0.146172211539348,13.9974562678743,4.25745583,66.5630218,52.0384426,38.5432115,"Upper middle income","High","Low","Low","High","High","Low"
"MLI",2019,"Sub-Saharan Africa","Mali",1220190,6.52603283095256,21068405,3.01814494306617,71.6479284250491,28.3520715749509,41.139,5.892,7,59.217,5.05653040764506,0.290188080208255,19167003985.7703,909.751069706998,1.8782927302578,-1.65826694846365,53.9987132798636,21.7272254994959,32.2714877803678,4.19531107984596,57.3529863277698,108.814511587375,7.85842877214771,12.6301441404934,1.1192745,30.7915798,43.0466435,32.2290956,"Low income","High","Low","High","High","Low","High"
"MLT",2019,"Middle East & North Africa","Malta",320,28.34375,503912,4.05171762437788,5.06679674753561,94.9332032524644,8.6,1.14,5,82.6585365853659,27.3808966815997,3.32002413119751,14876816607.292,29522.6480165028,-0.0478839092805288,1.6420600176894,233.070440941958,124.520039315181,108.550401626777,198.199646841408,1.01693704278518,125.866492068688,0,16.8902820429069,5.55893612,81.5983506,74.4951369,56.2825604,"High income","Low","High","High","Low","High","Low"
"MMR",2019,"East Asia & Pacific","Myanmar",652700,16.8383637199326,52640713,0.702425162747352,69.9217563054768,30.0782436945232,17.774,2.206,5,66.457,9.2496984715653,0.653317518704581,75854734833.6027,1440.98988236734,5.83309474734135,8.82506696804558,NA,NA,NA,2.31211211194364,49.7566078402761,155.669416939698,5.88188183004994,NA,0.60877246,42.6196691,36.5408084,32.3701851,"Lower middle income","High","Low","Low","High",NA,"High"
"MNE",2019,"Europe & Central Asia","Montenegro",13450,0.669144981412639,626753,0.0502716675485305,34.8313240095841,65.1686759904159,11.5,1.8,6,76.6829268292683,24.7795773840173,NA,4682028157.33813,7470.29237568568,4.34144828521134,0.361563704540767,110.0161238696,44.3238379207013,65.6922859488993,7.61521877220221,7.14950338649298,188.173957398388,0.616491593549262,18.7637676616963,5.06746101,69.2355697,58.3152102,46.5868208,"Upper middle income","Low","High","Low","High","High","Low"
"MNG",2019,"East Asia & Pacific","Mongolia",1557258,0.714078206694074,3267673,1.8371507310985,32.1722700448443,67.8277299551557,24.4,3,6,71.0531707317073,6.57133593267847,7.75337679137417,14174566537.4555,4337.8167085432,3.67988421239794,7.30106953550729,124.396514621165,59.2172331806539,65.1792814405109,17.1989395200126,32.2994495143044,136.719198864644,14.7739570464507,13.1079648639038,2.11976218,78.5056124,53.4566149,35.4019257,"Upper middle income","Low","High","High","High","High","High"
"MNP",2019,"East Asia & Pacific","Northern Mariana Islands",460,0.173913043478261,48129,-1.95055872430955,8.38371478658379,91.6162852134162,16.029,2.559,NA,77.844,8.11584789796882,0.00207774938186956,1032436363.63636,21451.4401636511,-9.70326849241671,NA,104.749787955895,42.4936386768448,62.25614927905,NA,NA,NA,0,NA,NA,NA,NA,NA,"High income","Low","High","Low","Low","High",NA
"MOZ",2019,"Sub-Saharan Africa","Mozambique",786380,7.18482158752766,29884380,2.9397415898529,66.5822758482968,33.4177241517032,39.117,5.016,6,61.306,5.41226527495752,0.288756199727081,18442825951.8799,617.13932000195,-0.646283515954551,2.80270307928111,105.591171401921,37.1420563608323,68.4491150410889,21.7841914901932,71.7705840243514,49.4350694242276,12.6767242973038,22.5751969191515,1.8260498,51.7248231,40.346014,30.128006,"Low income","High","Low","High","Low","High","High"
"MRT",2019,"Sub-Saharan Africa","Mauritania",1030700,0.436596487823809,4467708,2.95347297852629,43.9403784220854,56.0596215779146,36.211,4.984,6,67.64,6.25815200777158,1.00413903504884,7189230027.94751,1609.15396170643,0.13930852413786,2.30009262117937,93.4866941351317,42.3975240406607,51.089170094471,-11.1917343784634,34.0103128073331,105.441089704161,2.61191416207025,13.295473572103,1.10124004,54.8692793,43.5035102,27.9977303,"Lower middle income","High","Low","High","Low","High","High"
"MUS",2019,"Sub-Saharan Africa","Mauritius",1997,37.5563345017526,1265985,0.0322330642925213,60.7490507193045,39.2509492806955,10.2,1.41,5,74.2358536585366,15.0828140822214,3.32168232640987,14066792766.4264,11111.3423669526,2.83079852696363,0.405655190309553,127.940899064133,60.3459360407147,67.5949630234179,3.03223371830849,5.262929212073,145.117277088014,0.00235978741871314,14.5392459934016,2.50442028,81.7653421,72.333803,54.3280722,"Upper middle income","High","Low","Low","High","High","Low"
"MWI",2019,"Sub-Saharan Africa","Malawi",94280,41.1327959270259,19025752,2.65059567621331,83.8616253380999,16.1383746619001,32.902,3.952,6,64.995,5.1621657635162,0.294726852321002,10842133933.7208,569.866249371948,2.9515101541935,9.3708360560567,44.1954524635798,12.9894565946906,31.2059958688892,0.499715595789277,63.8845220843414,46.7841008334388,4.24376277062568,22.402273573662,1.53329957,61.0696748,51.718876,31.6146192,"Low income","High","Low","High","High","Low","High"
"MYS",2019,"East Asia & Pacific","Malaysia",328550,2.51197686805661,33440596,1.59646653343981,25.1622292265958,74.8377707734042,14.233,1.777,6,75.9,9.38874110057873,7.63039929073035,364602265936.14,10902.9834855856,2.75950122381441,0.662891865764326,123.028562027943,65.2777668428576,57.7507951850853,2.50697705748044,10.2240384296119,133.372921941941,6.19635932474839,11.653100184343,2.00959897,68.6426383,62.7978859,57.1842175,"Upper middle income","Low","High","High","High","High","Low"
"NAM",2019,"Sub-Saharan Africa","Namibia",823290,0.971711061715799,2650494,2.79932223646079,51.9980192275161,48.0019807724839,28.386,3.404,7,63.546,6.0063827613407,1.45542679968338,11246291861.588,4243.09274481966,-3.57649160039189,3.72239414422695,82.9011507426355,36.4008818615818,46.5002688810536,-1.40710628631611,22.8546922006225,106.53315947895,1.43731396410693,25.5542319178444,5.26885462,75.9027575,60.1644108,56.5967252,"Lower middle income","High","Low","High","Low","High","High"
"NCL",2019,"East Asia & Pacific","New Caledonia",18280,0.326586433260394,283606,0.0229217470195887,32.8425326292168,67.1574673707832,15.183,2.05,6,77.262,14.8217694902843,20.3934331431634,NA,NA,-1.42259824757296,NA,58.2103670990099,18.3293636039604,39.8810034950495,7.63514854874616,1.90283652098352,91.6764807514651,0.0122251541031086,NA,NA,83.995374,75.1335232,NA,"High income","Low","High","Low","Low","Low","Low"
"NER",2019,"Sub-Saharan Africa","Niger",1266700,13.9733164916713,22947757,3.36654855482346,83.186853500315,16.813146499685,43.366,6.537,7,60.031,5.10657004693904,0.103413157111608,12084371848.8128,526.60361746086,2.56706453200282,-2.48979265070855,39.289303673296,11.9560620288967,27.3332416443993,5.7737467118799,74.4532544571212,52.8112616845298,5.81263963543114,14.1087503767947,2.02236509,45.5647454,47.6855287,38.9720972,"Low income","High","Low","High","High","Low","High"
"NGA",2019,"Sub-Saharan Africa","Nigeria",910770,40.4844252665327,209485641,2.1944019229433,41.0388813572944,58.9611186427056,34.685,4.861,6,53.009,5.52969938893295,0.60197968413501,509371727741.802,2431.53528475874,-0.0100047582209584,11.3964223378115,NA,NA,NA,0.344961215906745,38.9891158285411,88.1169010528984,8.35322267194456,NA,0.46980387,32.1888547,42.5472027,25.065908,"Lower middle income","High","Low","High","Low",NA,"High"
"NIC",2019,"Latin America & Caribbean","Nicaragua",120340,12.4896127638358,6483657,1.29742127419157,41.4594328551928,58.5405671448072,20.808,2.321,6,73.764,7.98069919576774,0.821126102136495,13096437236.4148,2019.91518620044,-4.14856907147293,5.37628990844126,94.0422159246213,44.8044297851925,49.2377861394288,3.96093444094211,30.6465182735337,89.2772705280369,1.28485958829485,15.2130925728858,5.2335391,49.7556204,34.0156849,23.4666749,"Lower middle income","High","Low","High","Low","High","High"
"NLD",2019,"Europe & Central Asia","Netherlands",33670,30.0297000297,17344874,0.65507157480522,6.1101971143521,93.8898028856479,9.8,1.57,6,82.1121951219512,29.2669350875926,9.10784361996519,854304853959.192,49254.024789064,1.63221248669214,2.63369910249591,160.676671884999,85.3209394926528,75.3557323923463,-13.7565327156949,2.0101474461133,124.08833250929,0.218267467639851,24.3757584960597,6.55726242,77.8266632,88.6893891,87.3214396,"High income","Low","High","Low","Low","High","Low"
"NOR",2019,"Europe & Central Asia","Norway",365094,2.19670002793801,5347896,0.675061373245644,17.5064105121719,82.4935894878281,10.2,1.53,6,82.9585365853659,26.6925311275947,8.47933467666537,427497488848.368,79937.5097885912,0.787031849898966,2.16773003305411,68.880243105732,35.6950517697888,33.1851913359431,3.84915053606091,2.07711059080315,108.00526578567,6.26890345034754,23.3796411002972,8.94719028,84.2852607,91.9420038,89.5599286,"High income","Low","High","Low","Low","Low","Low"
"NPL",2019,"South Asia","Nepal",143350,13.2660048831531,28414064,1.18377302604311,34.0126070515843,65.9873929484157,20.648,2.08,5,69.299,9.59850743751118,0.473751308506942,30605298792.5448,1077.11796498188,5.40192160337149,5.56616035243723,49.2495265869012,7.77993647445109,41.4695901124501,0.542801979747667,23.7731934205369,136.186080245332,0.446189344690663,8.11709521128419,1.10283434,58.9654864,49.8603954,32.9410774,"Lower middle income","Low","High","High","High","Low","High"
"NRU",2019,"East Asia & Pacific","Nauru",NA,NA,NA,NA,NA,NA,NA,NA,NA,NA,NA,NA,NA,NA,NA,NA,NA,NA,NA,NA,NA,NA,NA,NA,NA,78.8692421,60.6385174,56.9235673,"High income",NA,NA,NA,NA,NA,NA
"NRU",2019,"East Asia & Pacific","Naoero",20,NA,11587,0.953874731639391,0,100,29.581,3.531,6,61.393,3.37432084643981,0,89071545.0717802,7687.19643322519,7.51652861776262,NA,155.906685714286,60.3950285714286,95.5116571428571,1.74896481068595,NA,86.3036161215155,0,NA,10.3461647,NA,NA,NA,"High income","Low","High","Low","High","High",NA
"NZL",2019,"East Asia & Pacific","New Zealand",263310,2.07360145835707,4970300,1.41225538599445,16.195034128333,83.804965871667,11.98,1.72,5,82.0560975609756,23.3497382681178,7.49357181659055,201872346390.44,40615.7266946543,0.888801067116702,1.61963190184048,54.4612464097007,27.320284070356,27.1409623393447,1.44301683692321,5.82540906680777,120.475335425902,1.50327657838238,18.8219798974156,6.2196641,89.6102464,87.6651647,91.4284732,"High income","Low","High","High","Low","Low","Low"
"OMN",2019,"Middle East & North Africa","Oman",309500,0.247689822294023,4591241,-0.144431732263903,20.4219982454038,79.5780017545962,18.858,2.696,6,79.946,3.5566973448355,18.6062766036459,83053651985.4157,18089.586668488,-0.985733221362153,0.490815362820671,86.4782010313236,49.4929030047786,36.9852980265451,2.26908923371353,4.7924288327127,138.232111508042,24.9800297060137,23.1085016273177,3.33252549,74.7215562,61.451403,51.1189348,"High income","Low","High","Low","Low","High","Low"
"PAK",2019,"Middle East & North Africa","Pakistan",770880,39.6040888335409,230800899,1.69187124669657,62.8908368264231,37.1091631735769,28.986,3.81,5,66.729,6.87845721571853,0.861524807145574,363242090361.647,1573.8330826937,0.778096107046181,10.5780305672025,28.9055769867032,9.3908635386027,19.5147134481005,0.696146480411465,38.3089008456774,71.6660323753765,1.30340484004876,10.7497525398245,0.94332874,32.9381408,42.9850137,28.1909519,"Lower middle income","High","Low","High","Low","Low","High"
"PAN",2019,"Latin America & Caribbean","Panama",74180,7.61660825020221,4234700,1.59097727067192,34.247014603621,65.752985396379,17.57,2.288,6,78.514,12.3788499498102,3.10862634897395,66072040231.8554,15602.5315209709,1.47558922151505,-0.355083821021246,80.4286505649569,40.2141745207689,40.2144760441879,6.71350419888271,16.0576090584447,137.570004959029,0.31611229608813,11.1248445506332,4.61607218,72.7148713,52.1697757,36.8493715,"High income","Low","High","High","Low","High","Low"
"PER",2019,"Latin America & Caribbean","Peru",1280000,2.7970515625,32449303,1.71486934751345,16.8966996912895,83.1033003087105,16.853,2.086,6,76.275,13.1433556006357,1.79270106356368,215017545590.315,6626.26083494969,0.502286291227506,2.25212191358027,46.9435053754409,24.0390874349068,22.9044179405342,2.25881990677455,23.7015105661506,122.790350843591,2.49912146958912,13.2443725852511,3.24168658,64.3760867,49.1090845,37.9326499,"Upper middle income","Low","High","High","Low","Low","High"
"PHL",2019,"East Asia & Pacific","Philippines",298170,18.7476942683704,110804683,1.21615534645287,46.2842140051983,53.7157859948017,18.104,2.215,6,69.68,7.03881786604626,1.33500133744347,396224439236.642,3575.88170922922,4.83577546655691,2.39206534422404,68.8418422595678,28.3829200126393,40.4589222469285,2.30117498598294,22.6054798824319,151.006642923206,0.78530018741462,12.4677544303537,1.69175851,48.650639,45.8276987,35.4840983,"Upper middle income","High","Low","High","High","Low","High"
"PLW",2019,"East Asia & Pacific","Palau",460,0.652173913043478,17798,-0.0898573575007226,20.7196185847173,79.2803814152827,11.921,1.984,6,68.982,12.7299889919799,71.2608158220025,277764180.223659,15606.4827634374,0.390852393445343,0.26737967914444,115.497705299446,38.3226341885556,77.1750711108904,16.148733481348,NA,134.846611978874,0,33.780155628223,7.04400301,85.4289661,76.916423,56.9235673,"High income","Low","High","Low","Low","High",NA
"PNG",2019,"East Asia & Pacific","Papua New Guinea",452860,0.728702027116548,9609010,2.25754045467385,86.0721732553053,13.9278267446947,26.466,3.322,7,65.331,4.9246419244037,0.52413307926623,24719771866.5529,2572.56177967896,2.14824964998061,3.92867290939597,NA,NA,NA,1.35581279394242,33.4428018978125,47.1952885885227,13.8152037166577,NA,1.3562634,52.2428295,44.6747778,27.8739452,"Lower middle income","High","Low","High","High",NA,"High"
"POL",2019,"Europe & Central Asia","Poland",306110,36.1144686550586,37965475,-0.0244271070993493,40.0373815931037,59.9626184068963,9.9,1.44,7,77.9048780487805,26.1990699797808,8.21985501300853,577884228677.544,15221.3090624454,4.60600727341085,2.22747880938291,101.581033817373,52.6128934811742,48.9681403361987,3.15455649244208,9.15364541967772,126.597314882311,0.671601200907606,17.8183081676231,4.56083679,77.4004756,66.0240098,62.3529926,"High income","High","Low","Low","High","High","Low"
"PRI",2019,"Latin America & Caribbean","Puerto Rico (US)",8870,5.65952649379932,3302691,0.364032148393714,6.0480087777747,93.9519912222253,6.4,0.982,6,81.438,33.7489296483406,3.8228523346568,96389357184.3707,29185.0969964707,1.30600530158883,NA,107.571456836722,60.5788840862048,46.9925727505175,NA,1.29272215319752,102.552928381388,0,7.97249786923171,NA,67.7417359,65.8227702,53.5808074,"High income","Low","High","Low","Low","High","Low"
"PRK",2019,"East Asia & Pacific","Korea, Dem. People's Rep.",120410,19.0598787476123,26037632,0.409804313568107,37.6457773388422,62.3542226611578,13.405,1.825,7,72.928,15.6165332649649,2.81942305659747,NA,NA,NA,NA,NA,NA,NA,NA,52.9194884825273,16.3340506540687,NA,NA,NA,62.6995174,27.4713563,15.9258673,"Low income","Low","High","Low",NA,NA,"High"
"PRT",2019,"Europe & Central Asia","Portugal",91605.6,10.891940012401,10286263,0.0237334946497115,38.885072749387,61.114927250613,8.4,1.44,6,81.6756097560976,34.9418993381056,4.51358282400518,221866335067.158,21569.1874752919,2.72130207848775,0.338178410046124,86.7709889083586,43.6531259432991,43.1178629650595,4.5038935303436,2.8773483224011,115.145564535894,0.221431953517005,16.9462589368138,5.77892017,82.875641,76.1813298,63.9897898,"High income","Low","High","Low","High","High","Low"
"PRY",2019,"Latin America & Caribbean","Paraguay",397300,10.8775265542411,6515058,1.35488116957369,35.0154701700071,64.9845298299929,21.421,2.525,6,73.668,9.32701933835016,1.30801598389454,40677000526.59,6243.53620897773,-1.74219112718859,2.75709727562775,71.2221617342433,36.0872909434467,35.1348707907966,1.28022785728037,18.7222459631732,119.137051427631,1.37779411178328,11.9462687058924,3.31885815,66.5012496,49.572808,30.1224437,"Upper middle income","Low","High","High","Low","High","High"
"PSE",2019,"Middle East & North Africa","West Bank and Gaza",6020,8.34340531561462,4685306,2.51178246264674,14.1863825816344,85.8136174183656,29.708,3.591,6,75.811,6.15223930136959,NA,15829000000,3378.4346209191,-1.15161366535136,1.58018333639455,68.9934922812035,15.5210552426533,53.4724370385502,0.769720046510608,6.15273929337593,86.7372172316252,0,20.660110310211,3.66190886,39.877049,42.3082028,41.4153132,"Lower middle income","Low","High","High","Low","Low","Low"
"PYF",2019,"East Asia & Pacific","French Polynesia",3471,0.720253529242293,279034,-0.279503231980126,38.2175857572492,61.7824142427508,11.938,1.567,6,83.195,12.6459636311052,2.81327723503229,5940599015.38201,21289.8751241139,2.97688844901971,NA,63.3061124024003,20.5923590296429,42.7137533727575,0.21140096510623,2.25211311111735,113.964606463728,0.0033458094981088,30.6497192744132,NA,81.3247888,72.4164867,NA,"High income","Low","High","Low","High","Low","Low"
"QAT",2019,"Middle East & North Africa","Qatar",11490,1.82767624020888,2638657,2.21962210028933,0.880830332793295,99.1191696672067,9.979,1.731,6,82.945,1.39086324092541,44.592192164423,167371229300.128,63430.4607609581,-1.52203684233693,-0.666641124861147,90.0463755485388,52.1888599262863,37.8575156222525,-1.59472537643955,1.53400410893958,140.01721278049,22.3739866660968,18.4635893006111,2.72214365,80.9649085,65.4644262,65.6191706,"High income","Low","High","High","Low","High","Low"
"ROU",2019,"Europe & Central Asia","Romania",230080,38.9690542420028,19371648,-0.526814821936341,47.1068164775138,52.8931835224862,10.3,1.77,6,75.6073170731707,28.467890724979,4.18922540818417,216910469745.256,11197.3162915853,4.50941296110349,3.82785432599438,84.9063630584793,40.3352034270657,44.5711596314136,2.94522918789332,12.7807371953682,116.252345583749,0.798252105262357,17.5583336108956,4.56736565,76.9166376,63.2771988,45.4274242,"High income","High","Low","Low","High","High","Low"
"RUS",2019,"Europe & Central Asia","Russian Federation",16376870,7.42809828740168,145453291,0.037947213753429,25.3777140048074,74.6222859951926,10.1,1.504,7,73.0839024390244,22.3832159682268,12.7738739166789,1461551317111.73,9882.0244140625,2.14202624717367,4.47202631837903,49.2287536619033,28.4334306799759,20.7953229819275,1.88851731564914,5.89324201911773,163.646302441755,12.2071140110196,18.1013664111203,3.45416045,59.0848287,42.0461647,32.2767016,"High income","Low","High","Low","High","Low","Low"
"RWA",2019,"Sub-Saharan Africa","Rwanda",24670,48.3177948925821,12776103,2.28086099658628,77.0288973002638,22.9711026997362,30.672,3.985,7,66.691,5.89157422068653,0.118588586832777,11036918642.0266,863.872077583172,6.82168128112207,3.34787655037648,48.892715033759,22.0304453174238,26.8622697163352,2.50181125622142,47.2697178432574,75.5985451901883,3.81709032313618,14.7106449804619,1.76991165,67.9716355,54.5454018,57.0042683,"Low income","High","Low","High","High","Low","High"
"SAU",2019,"Middle East & North Africa","Saudi Arabia",2149690,1.59577287888021,30063799,-0.439701419074031,16.3605356731322,83.6394643268678,18.075,2.49,6,78.313,3.4126633949533,19.2859458646594,748759049109.6,24905.6697428558,2.09953683085793,-1.19298644533328,56.7938204886513,32.159204977113,24.6346155115383,0.346411455797861,3.09659072429364,135.526154774497,25.453167735458,22.6767882524964,4.03419542,56.4504428,54.0463,52.166833,"High income","Low","High","Low","High","Low","Low"
"SDN",2019,"Sub-Saharan Africa","Sudan",1868000,11.2392933618844,45548175,2.93537902352139,65.5272314175764,34.4727685824236,34.909,4.617,6,65.803,5.2668601968206,0.515296167190014,51312429477.3951,1126.55297851563,-5.00795943799888,50.9940515002965,26.1196204552625,8.45298341762853,17.666637037634,2.55226968828806,37.9137027873199,72.4818502607404,8.25976911220096,6.17093549809089,1.03735721,37.6186719,32.485736,18.0777287,"Low income","High","Low","High","Low","Low","High"
"SEN",2019,"Sub-Saharan Africa","Senegal",192530,19.2956941775308,16352922,2.71760793051867,50.0556678726523,49.9443321273477,30.405,4.1,6,67.668,6.3104875100114,0.674423812453823,22560634320.1241,1379.60875249843,1.80892290272958,1.76011151192939,64.2362506061005,24.9831341973865,39.253116408714,4.55247618583033,22.9897261028775,109.341890091569,2.75988310568798,14.0076479696607,1.05768847,66.9717571,55.0407431,47.8481741,"Lower middle income","High","Low","High","High","Low","High"
"SGP",2019,"East Asia & Pacific","Singapore",716,0.782122905027933,5703569,1.14428330688929,0,100,8.8,1.14,6,83.5951219512195,14.2882283779185,9.79870673958709,348524066699.398,61106.3119775351,0.00783404280791444,0.567829988405447,324.270088576625,176.819042272174,147.45104630445,28.1758142041642,0.113041897035994,159.347378272364,0.000169266160429021,10.2533964942464,2.2847712,87.3842662,83.234615,90.7440179,"High income","Low","High","High","Low","High","Low"
"SLB",2019,"East Asia & Pacific","Solomon Islands",27990,0.821722043586995,728147,2.65049803426017,72.724893249724,27.275106750276,28.413,3.8,6,69.981,6.50286396181384,0.438510355738608,1487670872.02155,2043.09139778307,-0.912183037350545,1.63485544012247,82.9985659020552,36.4970023039809,46.5015635980743,2.02495638459342,40.7019122368699,65.6620160489572,19.145353163623,27.6261686257018,3.25913024,73.0612794,55.5425693,47.8640293,"Lower middle income","High","Low","High","Low","High","High"
"SLE",2019,"Sub-Saharan Africa","Sierra Leone",72180,21.9451371571072,7731991,2.32146457882717,57.2981555085559,42.7018444914441,32.808,4.192,6,59.593,5.53294385206651,0.156143482319108,8095145458.32686,1046.96778078594,3.08171137743476,14.8049990906021,37.5619529967261,9.6941408328194,27.8678121639067,1.86680073560006,45.4392797422526,87.0384355077496,7.49079656656829,7.02931051974968,0.77659142,63.1423801,43.5069352,37.4729748,"Low income","High","Low","High","High","Low","High"
"SLV",2019,"Latin America & Caribbean","El Salvador",20720,34.7972972972973,6222318,0.0403628806830014,27.5851058959961,72.4148941040039,16.57,1.838,7,71.725,11.6080791802522,1.30285851671355,25779775126.5993,4143.11437097867,2.39613321946494,0.0753241350024612,76.0420130991468,29.9559096080003,46.0861034911466,2.59024369040438,16.2939615585558,167.088631599992,0.562349124959244,16.0320209633966,4.71487188,62.2422412,44.0743893,37.3123805,"Upper middle income","Low","High","Low","High","High","Low"
"SMR",2019,"Europe & Central Asia","San Marino",60,33.0833333333333,34663,0.407603368403658,2.90000152587891,97.0999984741211,6.7,1.096,6,85.257,29.4764171354392,NA,1508721078.15242,43525.4039798176,1.65051434688202,0.472651967352852,307.264770546858,163.997236624232,143.267533922626,NA,NA,111.822930193634,0,19.5202963633238,7.23374033,86.5067331,84.8051674,71.7090468,"High income","Low","High","Low","Low","High",NA
"SOM",2019,"Sub-Saharan Africa","Somalia, Fed. Rep.",627340,1.75343513884018,16030971,3.67525774477084,48.3578829296775,51.6421170703225,45.139,6.56,6,57.249,5.00112878032993,0.0528040378839186,7926418061.75208,494.444039712384,-0.909258009902032,NA,70.2980591497227,13.0660813308688,57.231977818854,5.16404805914972,26.8861573005292,51.3194116563494,10.7304105687897,6.11136783733826,0.15007043,30.5271191,17.7778166,14.7731463,"Low income","High","Low","High","Low","Low","High"
"SRB",2019,"Europe & Central Asia","Serbia",87460,29.4877658358107,6945235,-0.536610017822353,38.9507751464844,61.0492248535156,9.3,1.52,7,75.9365853658537,32.5658710453221,NA,47719029694.9033,6870.75810896296,5.31381889246718,1.84922984511086,107.577309546092,48.9609956559925,58.6163138900993,7.92487427143519,20.8958194883194,122.047741314232,1.19461693747908,18.3652144119898,4.83578539,66.9547627,55.8408842,40.4959204,"Upper middle income","High","Low","Low","High","High","High"
"SSD",2019,"Sub-Saharan Africa","South Sudan",631930,3.789502001804,10423384,2.92439531185626,80.0937700811281,19.9062299188719,29.421,4.26,6,58.129,4.88071083048781,NA,NA,NA,NA,87.2413641500032,NA,NA,NA,NA,62.2135360115816,21.3171365460584,NA,NA,0.99254191,25.0497946,24.7413532,9.6764069,"Low income","High","Low","High",NA,NA,"High"
"STP",2019,"Sub-Saharan Africa","Sao Tome and Principe",960,4.16666666666667,213392,1.51332392108067,32.0870056152344,67.9129943847656,29.229,3.9,6,68.043,6.86217600888373,0.745576216540451,303157496.465873,1420.66008316091,0.482132360625684,7.72024525213248,67.5747989988655,16.7195626461315,50.8552363527341,5.85791781434652,12.0421328862485,77.6791069955762,2.04664899329107,13.4106770836193,2.23238039,74.8322433,48.5757248,51.416874,"Lower middle income","Low","High","High","Low","Low","Low"
"SUR",2019,"Latin America & Caribbean","Suriname",160507.61,0.386274519943322,605768,1.03794155144619,33.9629507688695,66.0370492311305,17.869,2.347,6,71.773,10.2494777558996,4.39326606885805,5256433828.6406,8677.30522021731,0.12296002295291,NA,NA,NA,NA,2.09560541663346,7.43287763285931,134.34912375695,6.83251753458721,NA,6.09356403,68.1517746,52.6862672,42.1488199,"Upper middle income","Low","High","Low","Low",NA,"Low"
"SVK",2019,"Europe & Central Asia","Slovak Republic",48080,28.0574043261231,5454147,0.135328072840865,46.6333441335417,53.3666558664583,10.5,1.57,6,77.6658536585366,23.9293582031718,6.3818228588265,99543529164.3085,18250.9802475637,2.13758470717096,2.6645613342544,183.722608631236,91.8440865121276,91.8785221191079,2.15394548631737,3.51100646936997,135.755672834643,0.251989434209045,20.0804190622354,5.44698572,77.4158832,63.2840624,52.9146282,"High income","High","Low","Low","High","High","Low"
"SVN",2019,"Europe & Central Asia","Slovenia",20136.4,8.90576269839693,2088385,0.696304046333357,44.5476722717285,55.4523277282715,9.3,1.61,6,81.5292682926829,30.5218124955827,7.0993135844205,50002578162.6734,23943.1800949889,2.78704541391961,1.63052260754335,160.044275685249,84.3570583498527,75.687217335396,3.99098612082388,4.29981767378506,120.568876746571,0.23437135303998,18.4796995227265,6.19899702,82.0895081,72.7366471,65.0294052,"High income","High","Low","Low","High","High","Low"
"SWE",2019,"Europe & Central Asia","Sweden",407280,6.23649577686113,10278887,1.01372226345511,12.2911579757241,87.7088420242759,11.1,1.71,7,83.109756097561,32.0375957516213,3.8423518032643,545031918111.884,53024.4099494317,1.57332206499805,1.78415097403835,92.7511390290561,48.2886583812982,44.4624806477579,2.9559286166832,1.68897374964482,125.456729050381,0.404780111504663,25.8863396570904,9.28074455,81.9975459,89.0964326,90.9533315,"High income","Low","High","Low","Low","High","Low"
"SWZ",2019,"Sub-Saharan Africa","Eswatini",17200,10.2906976744186,1179874,0.931970814127083,75.6540450482249,24.3459549517751,25.889,2.925,6,59.85,6.21354481732866,0.962899428244033,4435938143.62829,3759.67106964666,5.4445627805287,2.59801620311077,86.6407948477595,44.7614845159035,41.879310331856,2.7717218211659,12.9095843554448,91.0519258836113,3.2760764754406,21.7273637148635,4.40824461,60.4579416,47.3764142,41.8435289,"Lower middle income","High","Low","Low","High","High","Low"
"SXM",2019,"Latin America & Caribbean","Sint Maarten (Dutch part)",34,NA,40385,1.6805019872063,0,100,10.024,1.481,6,75.68,14.8853639952899,NA,1368162086.82719,33877.976645467,9.11581322620327,NA,NA,NA,NA,5.24677633401135,NA,NA,NA,NA,NA,NA,NA,NA,"High income","Low","High","High","High",NA,NA
"SYC",2019,"Sub-Saharan Africa","Seychelles",460,0.326086956521739,97625,0.887925293341637,55.9950695968246,44.0049304031754,16.4,2.31,6,74.0463414634146,10.244903192717,9.16568501920615,1901895701.03715,19481.6461053742,4.58155113586345,1.80709400809982,173.407846880196,82.3562686214226,91.0515782587732,13.7575701960234,NA,164.617084572886,0.0974947166802459,22.1841344223733,3.04219794,77.7180174,64.4171755,69.5823659,"High income","High","Low","Low","High","High",NA
"SYR",2019,"Middle East & North Africa","Syrian Arab Republic",183630,25.367058759462,20353534,3.88559879868016,26.1751211738014,73.8248788261986,19.717,2.878,6,70.97,7.56676923565563,1.63691966220706,15703116792.1143,771.517948289192,-2.63687243879127,13.4175653228571,41.9994681765976,13.0100655511925,28.9894026254051,NA,15.6251583516787,87.1297289207859,3.76931985084524,15.36993315102,1.97450435,23.9982444,25.454539,14.3385687,"Low income","Low","High","High","Low","Low","Low"
"TCA",2019,"Latin America & Caribbean","Turks and Caicos Islands",950,1.05263157894737,43166,3.79390439929271,7.0595145677155,92.9404854322845,12.066,1.617,6,77.691,13.3921233959163,5.12208682759579,2262756808.26439,52419.8862128617,1.07340727929571,NA,NA,NA,NA,1.96536835982091,NA,NA,0.00235664810158653,NA,NA,NA,NA,NA,"High income","Low","High","High","Low",NA,NA
"TCD",2019,"Sub-Saharan Africa","Chad",1259200,4.20902160101652,16685223,3.21991132048391,75.7268952613367,24.2731047386633,44.316,6.412,6,52.993,4.11092889175148,0.141712220447998,15303748438.7807,917.203710060136,2.04363651447466,-0.971939175419401,46.6777247152768,24.968456965958,21.7092677493188,3.80153819394825,70.2043893743242,45.9378876746208,19.6499588651766,8.48865154975086,0.51349735,41.0898392,34.22622,17.9377342,"Low income","High","Low","High","High","Low","High"
"TGO",2019,"Sub-Saharan Africa","Togo",54390,48.7221915793344,7619925,2.14516244090598,58.554268802705,41.445731197295,34.907,4.450408,6,61.061,6.45780034747044,0.276288808616883,6859201998.0814,900.166602437871,2.69276787668153,0.674652770077525,56.3398500747576,23.9067157858872,32.4331342888704,4.94352054229764,42.5990382357115,73.7224727486533,4.32587635811955,13.2450560645429,0.89146012,51.3671208,44.8662899,33.5507362,"Lower middle income","High","Low","High","High","Low","High"
"THA",2019,"East Asia & Pacific","Thailand",510890,32.5479594433244,71522271,0.204609851692418,44.0733833312988,55.9266166687012,9.056,1.285,6,77.197,17.3351890927991,4.00533143026177,460212749509.626,6434.53770518034,1.90583495758329,0.705524801910317,109.689514715166,59.5188906218859,50.1706240932801,1.01734877580041,31.4905856675213,181.221874232713,1.51242491485513,16.1693520358071,2.71524906,55.8413351,53.518212,40.0524608,"Upper middle income","High","Low","Low","High","High","High"
"TJK",2019,"Europe & Central Asia","Tajikistan",138790,6.08257079040277,9529966,2.36385658944468,73.8699264526367,26.1300735473633,29.168,3.281,7,70.962,5.26711186901552,0.948639271115973,10943705646.9105,1148.34676712493,4.89098971791482,NA,56.0450159145896,14.9799392742745,41.0650766403151,2.5637213527723,45.0248100946878,115.372919483658,5.22368712777317,11.154496661602,1.89777529,58.6574931,35.513381,22.1035594,"Lower middle income","High","Low","High","High","Low","High"
"TKM",2019,"Europe & Central Asia","Turkmenistan",469930,3.36731002489732,6803944,2.20552575085177,52.9505437533515,47.0494562466485,24.839,2.834,6,69.405,5.70128384619015,10.7659028351791,45717898781.4308,6719.32320157703,4.0121953580019,NA,37.6560517756178,24.6892177117083,12.9668340639095,6.24118562289562,23.6233446792679,88.2099411752948,13.4925127713072,12.3784384727781,1.00793219,62.1538251,29.514907,20.2783883,"Upper middle income","High","Low","High","High","Low","High"
"TLS",2019,"East Asia & Pacific","Timor-Leste",14870,7.49831876260928,1300945,1.93928707188808,70.8851244754783,29.1148755245217,23.855,3.116,6,66.496,9.6093044263776,0.559823820376726,1960846076.69825,1507.24748294374,21.8272465527765,0.958812739703141,70.6142440551536,21.2143177359833,49.3999263191702,-7.79447350305257,39.7972872541586,109.555438546595,44.8952633775622,47.2218499477307,2.87948847,70.4663366,43.5398489,38.9769552,"Lower middle income","High","Low","High","High","Low","High"
"TON",2019,"East Asia & Pacific","Tonga",720,27.7777777777778,105669,0.09657445504329,77.6711844373794,22.3288155626206,23.849,3.274,6,72.292,10.7931463766217,1.56621147167097,482492588.368965,4566.07508700721,-0.381463313423794,1.17954334821801,88.045385533046,22.2333008455097,65.8120846875363,-1.20711455147001,29.5893276052118,58.772203768371,0.0355539728781376,20.5749605427337,2.99766731,83.151888,61.0438811,38.9674741,"Upper middle income","High","Low","Low","Low","High","High"
"TTO",2019,"Latin America & Caribbean","Trinidad and Tobago",5130,4.87329434697856,1363985,0.351942101931713,46.0657605267261,53.9342394732739,12.088,1.578,5,72.836,13.8060671978814,24.3573792966931,23495134887.9587,17225.361633712,0.114767755861862,1.00054293027237,NA,NA,NA,0.783604895019003,4.32418872743197,145.715788467056,11.0689882994292,NA,3.17576575,67.5797921,54.5919103,43.7939526,"High income","High","Low","Low","Low",NA,"Low"
"TUN",2019,"Middle East & North Africa","Tunisia",155360,16.5396498455201,11875081,0.926946081730267,31.1793617423969,68.8206382576031,16.82,2.1,6,75.599,11.8694485572067,2.54693841667269,49320533876.2551,4153.27978615515,0.613127731689971,6.72007532863799,102.332614725789,45.9503306922947,56.3822840334945,1.94487649950903,13.7052873898603,124.386924181822,2.24739229652362,18.816485090181,3.56713367,56.3054951,56.5024705,47.2745634,"Lower middle income","Low","High","Low","Low","High","Low"
"TUR",2019,"Europe & Central Asia","Turkiye",769630,25.4407962267583,82579440,1.42969688109789,11.3381847142876,88.6618152857124,14.4,1.89,6,77.737,12.4389779416645,5.01913672458907,1010631549472.6,12238.2950220128,-0.136378469205951,15.1768215720022,62.5784589326239,33.0298811646869,29.548577767937,1.22536076199392,18.2798017789929,94.6498130829997,0.382779823529053,15.2428471146395,3.38672566,45.5253689,46.6891064,44.2075641,"Upper middle income","Low","High","High","Low","Low","Low"
"TUV",2019,"East Asia & Pacific","Tuvalu",30,NA,10581,-1.59388335810663,38.7593470781364,61.2406529218636,24.867,3.331,6,66.109,8.96759608138659,0,45742689.695268,4323.09703196938,15.2691969832959,NA,NA,NA,NA,0.558327535090909,NA,85.0581230507513,0,NA,17.16871262,85.4289661,71.7202518,55.7950572,"Upper middle income","Low","High","Low","High",NA,NA
"TZA",2019,"Sub-Saharan Africa","Tanzania",885800,15.0384962745541,59174891,2.98060939385811,66.6524741481248,33.3475258518752,36.883,4.866,7,66.007,5.62167925514946,0.287346536895184,60363511324.6004,1051.7666015625,2.71005881950599,3.46428057999021,33.0185892502311,16.0367461484986,16.9818431017325,1.99459353959393,64.6845484878054,80.5835569684446,3.53145044367484,7.78241227923226,1.6312809,56.4616756,47.1058361,42.1278253,"Lower middle income","High","Low","High","High","Low","High"
"UGA",2019,"Sub-Saharan Africa","Uganda",200520,34.4105326152005,42999637,3.39132142318772,72.1630218200597,27.8369781799403,37.212,4.744,6,66.354,3.90112727695885,0.1642944102063,39600047064.28,920.939101515671,2.88958690241905,2.867588034469,39.3610539647435,17.1090580167383,22.2519959480052,3.68569218154174,61.3604268185351,59.0598078769828,7.38833937837014,8.77456131212774,0.57344079,52.6621674,44.4307403,25.5389587,"Low income","High","Low","High","High","Low","High"
"UKR",2019,"Europe & Central Asia","Ukraine",579400,56.8243010010356,44957458,-0.557746010589576,30.6472351291265,69.3527648708735,7.823,1.218,6,73.92,24.6146045398727,4.62458753784522,101944118786.821,2398.07836914063,3.87284698333255,7.88671745611133,90.5112342910763,41.2316912560049,49.2795430350714,3.76649676088543,13.9078605168498,130.629436256062,1.73179870039083,18.7805334308224,3.17738771,48.2657734,46.8865907,32.0220004,"Upper middle income","Low","High","Low","High","High","Low"
"URY",2019,"Latin America & Caribbean","Uruguay",175020,11.9317792252314,3397206,0.0786838170441181,4.6520690917969,95.3479309082031,10.894,1.567,6,77.503,23.3802318354749,2.10646631378845,60329073575.9906,17758.4384273402,0.848967983378387,7.88198870879619,49.7448660724665,27.9053781710424,21.8394879014241,2.35703298196688,8.93794885483685,133.236724531865,1.70632780467724,17.2836779473899,6.1543541,85.629815,72.1165145,75.9687502,"High income","Low","High","Low","Low","Low","Low"
"USA",2019,"North America","United States",9147420,16.9548167680067,330226227,0.515108555014533,19.8695206646406,80.1304793353594,11.4,1.706,6,78.7878048780488,23.8484503417279,15.0439662080505,20159639089819,61047.9648238812,2.05676589969444,1.81221007526021,26.2584806245428,11.7891974097286,14.4692832148142,1.46696501417689,1.78830473970119,105.32074052965,0.557098125905551,13.9835585749329,8.59688473,66.8276892,76.3012367,71.5773432,"High income","Low","High","Low","High","Low","Low"
"UZB",2019,"Europe & Central Asia","Uzbekistan",440555,9.15549704350195,32964701,1.80974442927918,49.4079895019531,50.5920104980469,24.722,2.869,7,72.093,7.94114323959564,3.49213238730726,123073854828.787,3733.50435754861,4.87800830454302,14.5257359560687,62.3003782302878,24.3107685844352,37.9896096458527,3.30121289679898,26.1766052839745,101.259829415713,10.8569985159248,14.647243313354,2.01079655,62.1917975,40.71871,25.1350328,"Lower middle income","High","Low","High","High","Low","High"
"VCT",2019,"Latin America & Caribbean","St. Vincent and the Grenadines",390,5.12820512820513,104167,-0.725995928811949,52.8037926006488,47.1962073993512,13.26,1.864,5,70.994,15.7335893504521,1.11839642113145,864031342.481725,8294.67434486665,1.40193657114291,0.91306972532459,NA,NA,NA,7.5606563885612,10.4024556616644,92.5177839430914,0.018299980174056,NA,2.87263203,81.5566579,68.7276736,63.2425817,"Upper middle income","High","Low","Low","Low",NA,"Low"
"VEN",2019,"Latin America & Caribbean","Venezuela, RB",882050,2.94767870302137,28938098,-2.96041293052007,10.8969899482076,89.1030100517924,16.299,2.131,6,72.766,12.2386187832351,4.15965140487118,50903719683.7893,1759.05547364548,-25.4442397305152,NA,58.1288399985284,47.195725949267,10.9331140492614,0.77245293562574,9.17974471433885,63.8474442929871,NA,NA,0.81175309,40.0660535,16.8469121,15.5726444,"Lower middle income","Low","High","Low","Low","Low","Low"
"VGB",2019,"Latin America & Caribbean","British Virgin Islands",150,6.66666666666667,36395,4.8931677135622,47.6092128574214,52.3907871425786,8.071,0.941,5,76.845,10.8157991878922,2.40142876768787,NA,NA,NA,NA,NA,NA,NA,NA,NA,108.624811100426,NA,NA,NA,NA,NA,NA,"High income","High","Low","High",NA,NA,NA
"VIR",2019,"Latin America & Caribbean","Virgin Islands (U.S.)",350,2.57142857142857,106669,-0.310759832621892,4.9142518586951,95.0857481413049,12.3,2.05,6,79.6682926829268,32.9510875267947,0.0018749589852722,3873124066.16862,36309.7438446842,3.22863068505148,NA,155.4234409124,54.9623877699587,100.461053142441,NA,1.8080545915838,89.5124925872467,0.247081553705368,37.0541130793497,NA,82.5871481,75.8910627,59.0773921,"High income","Low","High","Low","High","High","Low"
"VNM",2019,"East Asia & Pacific","Viet Nam",313429,21.6444553630966,97173776,0.968366698803348,65.3760865000489,34.6239134999511,15.513,1.943,6,74.211,10.629230593085,3.46316479458409,314947640805.601,3241.07648966529,6.32464886581907,2.79582367452244,164.704215031408,85.1575874073411,79.5466276240668,4.821074861051,34.5351601063592,140.192561828615,2.50068260501281,9.5788363682709,2.02046871,67.4603405,51.8817753,40.5244914,"Upper middle income","High","Low","Low","High","High","High"
"VUT",2019,"East Asia & Pacific","Vanuatu",12190,1.64068908941756,291985,2.33048915705222,76.4975331082925,23.5024668917075,30.717,3.79,6,70.783,7.02987908944497,0.750038529376509,978021084.194179,3349.5593410421,0.897747718651672,2.76252019386111,85.2923789349229,30.9251687275235,54.3672102073994,4.97857435213258,42.9179460675524,90.8330907409627,0.547725243089635,18.1511404502685,1.90414143,83.4569176,63.4269457,44.1071337,"Lower middle income","High","Low","High","Low","High","High"
"WSM",2019,"East Asia & Pacific","Samoa",2780,4.06115107913669,209780,1.05329202031498,81.5852655518717,18.4147344481283,27.957,4.061,5,70.269,9.17324133032294,1.78043664791687,936894420.746212,4466.08075482035,3.35744960284687,0.982326569888117,83.3310795816457,35.033330142378,48.2977494392677,-0.238656491573744,29.1916719750562,40.0419487081705,0.232259603701569,13.7720322357897,4.32336426,85.4843891,76.9153921,60.4455822,"Upper middle income","High","Low","High","High","High","High"
"XKX",2019,"Europe & Central Asia","Kosovo",NA,NA,1788891,-0.457058941890623,55.9997828434305,44.0002171565695,12.618,1.575,NA,77.249,12.5010944840459,NA,7547447329.55877,4219.06495675744,5.23669676312298,2.67599202639893,85.7534085053482,29.3126074591152,56.440801046233,3.6089905562178,NA,NA,0.403302686372993,12.4854382801326,NA,64.0829562,50.8934145,40.8818961,"Upper middle income","High","Low","Low","High","High",NA
"YEM",2019,"Middle East & North Africa","Yemen, Rep.",527970,2.19330643786579,35111408,2.96633475184571,65.0932438267976,34.9067561732024,35.947,4.603,6,66.567,4.58996033784242,0.351518230200281,NA,NA,NA,NA,NA,NA,NA,NA,30.371850284259,43.3990001198471,NA,NA,0.91137344,21.1880718,28.2895772,12.6001893,"Low income","High","Low","High",NA,NA,"High"
"ZAF",2019,"Sub-Saharan Africa","South Africa",1213090,9.89209374407505,59587885,1.64957495527878,36.5872744992092,63.4127255007908,19.694,2.264,7,66.071,8.9234390440694,8.01412233375962,359483563936.676,6032.82972598668,-1.3803610544763,4.10285075461156,53.8979964081406,27.2021294051151,26.6958670030255,1.31407752293306,5.2454668193233,162.73854828041,4.18782227881945,19.5800800398681,4.80006361,60.1164309,55.6753499,48.5628824,"Upper middle income","Low","High","High","Low","Low","Low"
"ZMB",2019,"Sub-Saharan Africa","Zambia",743390,5.11171794078478,18513839,2.96162166175699,56.5102135452448,43.4897864547552,35.006,4.418,7,62.914,3.28155129682891,0.487959304388463,24089861649.0155,1301.18132976178,-1.51894951073589,9.15031644316296,68.791204936096,34.6361926031881,34.1550123329079,2.3509190433173,57.3663003656749,93.0147820773422,7.91506539515975,17.6842563810264,2.25830793,59.590169,46.7905153,34.7874778,"Lower middle income","High","Low","High","Low","Low","High"
"ZWE",2019,"Sub-Saharan Africa","Zimbabwe",386850,10.4239369264573,15271368,1.56353351552455,63.8162361733636,36.1837638266364,31.121,3.748,6,61.06,6.55417653933475,0.731473434469001,20731353612.1651,1357.53087818754,-7.78558358121073,255.304990757856,36.5178684980287,18.0339064047572,18.4839620932715,0.748407181444125,62.3979720066303,86.4094297249598,4.71576545765887,4.80339449435214,0.46115172,49.076157,34.9077209,21.8772428,"Lower middle income","High","Low","High","Low","Low","High"
